date,Population,Energy_Prod,Energy_Consume,Veh_MPG
1950-01-01,151325798.0,106.59276799999999,103.782521,12.8
1950-02-01,151559109.475,107.39518283333332,104.37293700000001,12.808333333333334
1950-03-01,151792420.95,108.19759766666667,104.963353,12.816666666666666
1950-04-01,152025732.425,109.0000125,105.553769,12.825000000000001
1950-05-01,152259043.9,109.80242733333333,106.14418500000001,12.833333333333334
1950-06-01,152492355.375,110.60484216666666,106.734601,12.841666666666667
1950-07-01,152725666.85,111.40725699999999,107.325017,12.850000000000001
1950-08-01,152958978.325,112.20967183333333,107.91543300000001,12.858333333333334
1950-09-01,153192289.8,113.01208666666666,108.505849,12.866666666666667
1950-10-01,153425601.275,113.81450149999999,109.096265,12.875
1950-11-01,153658912.75,114.61691633333334,109.68668100000001,12.883333333333333
1950-12-01,153892224.225,115.41933116666667,110.277097,12.891666666666667
1951-01-01,154125535.7,116.221746,110.867513,12.9
1951-02-01,154358847.175,116.01281125,110.80976275,12.883333333333333
1951-03-01,154592158.65,115.8038765,110.7520125,12.866666666666667
1951-04-01,154825470.125,115.59494175,110.69426225000001,12.85
1951-05-01,155058781.6,115.38600699999999,110.636512,12.833333333333334
1951-06-01,155292093.075,115.17707225,110.57876175,12.816666666666666
1951-07-01,155525404.55,114.9681375,110.5210115,12.8
1951-08-01,155758716.025,114.75920275,110.46326125,12.783333333333333
1951-09-01,155992027.5,114.550268,110.405511,12.766666666666666
1951-10-01,156225338.975,114.34133324999999,110.34776074999999,12.75
1951-11-01,156458650.45,114.1323985,110.2900105,12.733333333333333
1951-12-01,156691961.925,113.92346375,110.23226025,12.716666666666667
1952-01-01,156925273.4,113.714529,110.17451,12.7
1952-02-01,157158584.875,113.78077358333333,110.4030585,12.7
1952-03-01,157391896.35,113.84701816666667,110.631607,12.7
1952-04-01,157625207.825,113.91326275,110.86015549999999,12.7
1952-05-01,157858519.3,113.97950733333333,111.08870399999999,12.7
1952-06-01,158091830.775,114.04575191666667,111.3172525,12.7
1952-07-01,158325142.25,114.1119965,111.545801,12.7
1952-08-01,158558453.725,114.17824108333333,111.7743495,12.7
1952-09-01,158791765.2,114.24448566666668,112.002898,12.7
1952-10-01,159025076.675,114.31073025,112.2314465,12.7
1952-11-01,159258388.15,114.37697483333334,112.45999499999999,12.7
1952-12-01,159491699.625,114.44321941666668,112.6885435,12.7
1953-01-01,159725011.1,114.50946400000001,112.917092,12.7
1953-02-01,159958322.575,114.0935905,112.65995091666666,12.7
1953-03-01,160191634.05,113.677717,112.40280983333334,12.7
1953-04-01,160424945.525,113.26184350000001,112.14566875,12.7
1953-05-01,160658257.0,112.84597000000001,111.88852766666666,12.7
1953-06-01,160891568.475,112.4300965,111.63138658333334,12.7
1953-07-01,161124879.95,112.01422300000002,111.3742455,12.7
1953-08-01,161358191.425,111.59834950000001,111.11710441666666,12.7
1953-09-01,161591502.9,111.18247600000001,110.85996333333334,12.7
1953-10-01,161824814.375,110.7666025,110.60282225,12.7
1953-11-01,162058125.85,110.350729,110.34568116666667,12.7
1953-12-01,162291437.325,109.93485550000001,110.08854008333334,12.7
1954-01-01,162524748.8,109.51898200000001,109.831399,12.7
1954-02-01,162758060.275,110.42509608333334,110.7218775,12.7
1954-03-01,162991371.75,111.33121016666666,111.612356,12.7
1954-04-01,163224683.225,112.23732425,112.5028345,12.7
1954-05-01,163457994.7,113.14343833333334,113.393313,12.7
1954-06-01,163691306.175,114.04955241666667,114.2837915,12.7
1954-07-01,163924617.65,114.9556665,115.17427,12.7
1954-08-01,164157929.125,115.86178058333333,116.06474850000001,12.7
1954-09-01,164391240.6,116.76789466666666,116.95522700000001,12.7
1954-10-01,164624552.075,117.67400875,117.84570550000001,12.7
1954-11-01,164857863.55,118.58012283333332,118.73618400000001,12.7
1954-12-01,165091175.025,119.48623691666666,119.62666250000001,12.7
1955-01-01,165324486.5,120.39235099999999,120.51714100000001,12.7
1955-02-01,165557797.975,121.01055299999999,120.90298366666667,12.691666666666666
1955-03-01,165791109.45,121.628755,121.28882633333335,12.683333333333334
1955-04-01,166024420.925,122.246957,121.67466900000001,12.674999999999999
1955-05-01,166257732.4,122.86515899999999,122.06051166666667,12.666666666666666
1955-06-01,166491043.875,123.483361,122.44635433333335,12.658333333333333
1955-07-01,166724355.35,124.101563,122.83219700000001,12.649999999999999
1955-08-01,166957666.825,124.719765,123.21803966666667,12.641666666666666
1955-09-01,167190978.3,125.337967,123.60388233333335,12.633333333333333
1955-10-01,167424289.775,125.956169,123.989725,12.625
1955-11-01,167657601.25,126.574371,124.37556766666667,12.616666666666667
1955-12-01,167890912.725,127.19257300000001,124.76141033333334,12.608333333333333
1956-01-01,168124224.2,127.810775,125.147253,12.6
1956-02-01,168357535.675,127.90180425,125.15619008333334,12.583333333333332
1956-03-01,168590847.15,127.9928335,125.16512716666668,12.566666666666666
1956-04-01,168824158.625,128.08386275,125.17406425000001,12.55
1956-05-01,169057470.1,128.174892,125.18300133333334,12.533333333333333
1956-06-01,169290781.575,128.26592125,125.19193841666667,12.516666666666666
1956-07-01,169524093.05,128.35695049999998,125.20087550000001,12.5
1956-08-01,169757404.525,128.44797975,125.20981258333335,12.483333333333334
1956-09-01,169990716.0,128.539009,125.21874966666668,12.466666666666667
1956-10-01,170224027.475,128.63003824999998,125.22768675,12.45
1956-11-01,170457338.95,128.7210675,125.23662383333334,12.433333333333334
1956-12-01,170690650.425,128.81209675,125.24556091666668,12.416666666666668
1957-01-01,170923961.9,128.903126,125.25449800000001,12.4
1957-02-01,171157273.375,128.19157099999998,125.21745700000001,12.4
1957-03-01,171390584.85,127.48001599999999,125.18041600000001,12.4
1957-04-01,171623896.325,126.76846099999999,125.143375,12.4
1957-05-01,171857207.8,126.05690599999998,125.106334,12.4
1957-06-01,172090519.275,125.345351,125.069293,12.4
1957-07-01,172323830.75,124.63379599999999,125.032252,12.4
1957-08-01,172557142.225,123.92224099999999,124.995211,12.4
1957-09-01,172790453.7,123.210686,124.95817,12.4
1957-10-01,173023765.175,122.49913099999999,124.921129,12.4
1957-11-01,173257076.65,121.78757599999999,124.88408799999999,12.4
1957-12-01,173490388.125,121.076021,124.84704699999999,12.4
1958-01-01,173723699.6,120.364466,124.81000599999999,12.4
1958-02-01,173957011.075,120.81780925,125.26340641666665,12.4
1958-03-01,174190322.55,121.2711525,125.71680683333332,12.4
1958-04-01,174423634.025,121.72449574999999,126.17020724999999,12.4
1958-05-01,174656945.5,122.17783899999999,126.62360766666666,12.4
1958-06-01,174890256.975,122.63118225,127.07700808333333,12.4
1958-07-01,175123568.45,123.0845255,127.5304085,12.4
1958-08-01,175356879.925,123.53786875,127.98380891666666,12.4
1958-09-01,175590191.4,123.991212,128.43720933333333,12.4
1958-10-01,175823502.875,124.44455525000001,128.89060975,12.4
1958-11-01,176056814.35,124.8978985,129.34401016666666,12.4
1958-12-01,176290125.825,125.35124175,129.79741058333332,12.4
1959-01-01,176523437.3,125.804585,130.250811,12.4
1959-02-01,176756748.775,126.01763258333334,130.65414775,12.4
1959-03-01,176990060.25,126.23068016666667,131.0574845,12.4
1959-04-01,177223371.725,126.44372775,131.46082124999998,12.4
1959-05-01,177456683.2,126.65677533333333,131.864158,12.4
1959-06-01,177689994.675,126.86982291666666,132.26749475,12.4
1959-07-01,177923306.15,127.0828705,132.6708315,12.4
1959-08-01,178156617.625,127.29591808333333,133.07416824999999,12.4
1959-09-01,178389929.1,127.50896566666667,133.47750499999998,12.4
1959-10-01,178623240.575,127.72201325,133.88084175,12.4
1959-11-01,178856552.05,127.93506083333332,134.2841785,12.4
1959-12-01,179089863.525,128.14810841666667,134.68751525,12.4
1960-01-01,179323175.0,128.361156,135.09085199999998,12.4
1960-02-01,179522247.925,128.47790158333333,135.25371241666664,12.4
1960-03-01,179721320.85,128.59464716666668,135.4165728333333,12.4
1960-04-01,179920393.775,128.71139275,135.57943325,12.4
1960-05-01,180119466.7,128.82813833333333,135.74229366666665,12.4
1960-06-01,180318539.625,128.94488391666667,135.90515408333331,12.4
1960-07-01,180517612.55,129.06162949999998,136.0680145,12.4
1960-08-01,180716685.475,129.17837508333332,136.23087491666666,12.4
1960-09-01,180915758.4,129.29512066666666,136.39373533333332,12.4
1960-10-01,181114831.325,129.41186625,136.55659574999999,12.4
1960-11-01,181313904.25,129.52861183333334,136.71945616666665,12.4
1960-12-01,181512977.175,129.64535741666666,136.88231658333333,12.4
1961-01-01,181712050.1,129.762103,137.045177,12.4
1961-02-01,181911123.025,130.1598285,137.56646183333334,12.4
1961-03-01,182110195.95,130.55755399999998,138.08774666666665,12.4
1961-04-01,182309268.875,130.9552795,138.6090315,12.4
1961-05-01,182508341.8,131.353005,139.13031633333333,12.4
1961-06-01,182707414.725,131.7507305,139.65160116666667,12.4
1961-07-01,182906487.65,132.148456,140.172886,12.4
1961-08-01,183105560.575,132.5461815,140.69417083333332,12.4
1961-09-01,183304633.5,132.943907,141.21545566666666,12.4
1961-10-01,183503706.425,133.3416325,141.7367405,12.4
1961-11-01,183702779.35,133.73935799999998,142.2580253333333,12.4
1961-12-01,183901852.275,134.1370835,142.77931016666665,12.4
1962-01-01,184100925.2,134.534809,143.300595,12.4
1962-02-01,184299998.125,135.10772325,143.75341791666665,12.408333333333333
1962-03-01,184499071.05,135.6806375,144.2062408333333,12.416666666666668
1962-04-01,184698143.975,136.25355174999999,144.65906374999997,12.425
1962-05-01,184897216.9,136.826466,145.11188666666666,12.433333333333334
1962-06-01,185096289.825,137.39938025,145.56470958333333,12.441666666666666
1962-07-01,185295362.75,137.9722945,146.0175325,12.45
1962-08-01,185494435.675,138.54520875,146.47035541666665,12.458333333333334
1962-09-01,185693508.6,139.118123,146.9231783333333,12.466666666666667
1962-10-01,185892581.525,139.69103725000002,147.37600125,12.475
1962-11-01,186091654.45,140.26395150000002,147.82882416666666,12.483333333333334
1962-12-01,186290727.375,140.83686575000002,148.28164708333333,12.491666666666667
1963-01-01,186489800.3,141.40978,148.73447,12.5
1963-02-01,186688873.225,141.87937516666668,149.27522716666667,12.5
1963-03-01,186887946.15,142.34897033333334,149.81598433333332,12.5
1963-04-01,187087019.075,142.8185655,150.3567415,12.5
1963-05-01,187286092.0,143.28816066666667,150.89749866666665,12.5
1963-06-01,187485164.925,143.75775583333333,151.43825583333333,12.5
1963-07-01,187684237.85,144.227351,151.979013,12.5
1963-08-01,187883310.775,144.69694616666666,152.51977016666666,12.5
1963-09-01,188082383.7,145.16654133333333,153.06052733333334,12.5
1963-10-01,188281456.625,145.6361365,153.6012845,12.5
1963-11-01,188480529.55,146.10573166666666,154.14204166666667,12.5
1963-12-01,188679602.475,146.57532683333332,154.68279883333332,12.5
1964-01-01,188878675.4,147.04492199999999,155.223556,12.5
1964-02-01,189077748.325,147.44865599999997,155.77458608333333,12.5
1964-03-01,189276821.25,147.85238999999999,156.32561616666666,12.5
1964-04-01,189475894.175,148.256124,156.87664625,12.5
1964-05-01,189674967.1,148.65985799999999,157.42767633333332,12.5
1964-06-01,189874040.025,149.06359199999997,157.97870641666665,12.5
1964-07-01,190073112.95,149.46732599999999,158.5297365,12.5
1964-08-01,190272185.875,149.87106,159.08076658333334,12.5
1964-09-01,190471258.8,150.27479399999999,159.63179666666667,12.5
1964-10-01,190670331.725,150.67852799999997,160.18282675,12.5
1964-11-01,190869404.65,151.082262,160.73385683333333,12.5
1964-12-01,191068477.575,151.485996,161.28488691666666,12.5
1965-01-01,191267550.5,151.88973,161.835917,12.5
1965-02-01,191466623.425,152.60369325,162.58299399999999,12.491666666666667
1965-03-01,191665696.35,153.3176565,163.330071,12.483333333333334
1965-04-01,191864769.275,154.03161975,164.077148,12.475
1965-05-01,192063842.2,154.74558299999998,164.82422499999998,12.466666666666667
1965-06-01,192262915.125,155.45954625,165.571302,12.458333333333334
1965-07-01,192461988.05,156.1735095,166.318379,12.45
1965-08-01,192661060.975,156.88747275,167.06545599999998,12.441666666666666
1965-09-01,192860133.9,157.601436,167.812533,12.433333333333334
1965-10-01,193059206.825,158.31539924999998,168.55961,12.425
1965-11-01,193258279.75,159.0293625,169.30668699999998,12.416666666666668
1965-12-01,193457352.675,159.74332575,170.053764,12.408333333333333
1966-01-01,193656425.6,160.457289,170.800841,12.4
1966-02-01,193855498.525,161.16522475,171.28521841666665,12.4
1966-03-01,194054571.45,161.8731605,171.7695958333333,12.4
1966-04-01,194253644.375,162.58109625,172.25397325,12.4
1966-05-01,194452717.3,163.289032,172.73835066666666,12.4
1966-06-01,194651790.225,163.99696775,173.22272808333332,12.4
1966-07-01,194850863.15,164.7049035,173.7071055,12.4
1966-08-01,195049936.075,165.41283925,174.19148291666667,12.4
1966-09-01,195249009.0,166.120775,174.67586033333333,12.4
1966-10-01,195448081.925,166.82871075,175.16023775,12.4
1966-11-01,195647154.85,167.5366465,175.64461516666665,12.4
1966-12-01,195846227.775,168.24458225,176.12899258333334,12.4
1967-01-01,196045300.7,168.952518,176.61337,12.4
1967-02-01,196244373.625,169.40846166666665,177.48596583333332,12.383333333333333
1967-03-01,196443446.55,169.86440533333334,178.35856166666667,12.366666666666667
1967-04-01,196642519.475,170.320349,179.2311575,12.35
1967-05-01,196841592.4,170.77629266666665,180.10375333333334,12.333333333333334
1967-06-01,197040665.325,171.23223633333333,180.97634916666667,12.316666666666666
1967-07-01,197239738.25,171.68818,181.84894500000001,12.3
1967-08-01,197438811.175,172.14412366666664,182.72154083333334,12.283333333333333
1967-09-01,197637884.1,172.60006733333333,183.59413666666666,12.266666666666666
1967-10-01,197836957.025,173.05601099999998,184.4667325,12.25
1967-11-01,198036029.95,173.51195466666664,185.33932833333333,12.233333333333333
1967-12-01,198235102.875,173.96789833333332,186.21192416666668,12.216666666666667
1968-01-01,198434175.8,174.42384199999998,187.08452,12.2
1968-02-01,198633248.725,175.0008438333333,187.88279766666668,12.183333333333334
1968-03-01,198832321.65,175.57784566666666,188.68107533333333,12.166666666666666
1968-04-01,199031394.575,176.1548475,189.479353,12.149999999999999
1968-05-01,199230467.5,176.73184933333332,190.27763066666668,12.133333333333333
1968-06-01,199429540.425,177.30885116666667,191.07590833333333,12.116666666666667
1968-07-01,199628613.35,177.885853,191.874186,12.1
1968-08-01,199827686.275,178.46285483333332,192.6724636666667,12.083333333333332
1968-09-01,200026759.2,179.03985666666668,193.47074133333334,12.066666666666666
1968-10-01,200225832.125,179.6168585,194.26901900000001,12.05
1968-11-01,200424905.05,180.19386033333333,195.0672966666667,12.033333333333333
1968-12-01,200623977.975,180.7708621666667,195.86557433333334,12.016666666666666
1969-01-01,200823050.9,181.34786400000002,196.66385200000002,12.0
1969-02-01,201022123.825,182.0809731666667,197.21314941666668,12.0
1969-03-01,201221196.75,182.81408233333335,197.76244683333334,12.0
1969-04-01,201420269.675,183.5471915,198.31174425,12.0
1969-05-01,201619342.6,184.28030066666668,198.8610416666667,12.0
1969-06-01,201818415.525,185.01340983333336,199.41033908333335,12.0
1969-07-01,202017488.45,185.746519,199.95963650000002,12.0
1969-08-01,202216561.375,186.47962816666666,200.50893391666668,12.0
1969-09-01,202415634.3,187.21273733333334,201.05823133333334,12.0
1969-10-01,202614707.225,187.94584650000002,201.60752875000003,12.0
1969-11-01,202813780.15,188.67895566666667,202.1568261666667,12.0
1969-12-01,203012853.075,189.41206483333332,202.70612358333335,12.0
1970-01-01,203211926.0,190.145174,203.255421,12.0
1970-02-01,203406374.99166667,189.93678666666665,203.59887675000002,12.008333333333333
1970-03-01,203600823.98333332,189.72839933333333,203.94233250000002,12.016666666666666
1970-04-01,203795272.975,189.520012,204.28578825,12.025
1970-05-01,203989721.96666667,189.31162466666666,204.629244,12.033333333333333
1970-06-01,204184170.95833334,189.1032373333333,204.97269975,12.041666666666666
1970-07-01,204378619.95,188.89485,205.3161555,12.05
1970-08-01,204573068.94166666,188.68646266666667,205.65961125,12.058333333333334
1970-09-01,204767517.93333334,188.47807533333332,206.00306700000002,12.066666666666666
1970-10-01,204961966.925,188.26968799999997,206.34652275000002,12.075
1970-11-01,205156415.91666666,188.06130066666665,206.6899785,12.083333333333332
1970-12-01,205350864.90833333,187.85291333333333,207.03343425,12.091666666666667
1971-01-01,205545313.9,187.64452599999998,207.37689,12.1
1971-02-01,205739762.89166668,187.92629599999998,208.20963808333335,12.091666666666667
1971-03-01,205934211.88333333,188.20806599999997,209.04238616666666,12.083333333333332
1971-04-01,206128660.875,188.489836,209.87513425,12.075
1971-05-01,206323109.86666667,188.771606,210.70788233333334,12.066666666666666
1971-06-01,206517558.85833332,189.053376,211.54063041666666,12.058333333333334
1971-07-01,206712007.85,189.335146,212.3733785,12.05
1971-08-01,206906456.84166667,189.616916,213.20612658333334,12.041666666666666
1971-09-01,207100905.83333334,189.898686,214.03887466666666,12.033333333333333
1971-10-01,207295354.825,190.180456,214.87162275,12.025
1971-11-01,207489803.81666666,190.462226,215.70437083333334,12.016666666666666
1971-12-01,207684252.80833334,190.743996,216.53711891666666,12.008333333333333
1972-01-01,207878701.8,191.025766,217.369867,12.0
1972-02-01,208073150.79166666,192.25869441666669,219.8851325,11.991666666666667
1972-03-01,208267599.78333333,193.49162283333334,222.400398,11.983333333333334
1972-04-01,208462048.775,194.72455125,224.9156635,11.975
1972-05-01,208656497.76666668,195.95747966666667,227.430929,11.966666666666667
1972-06-01,208850946.75833333,197.19040808333335,229.9461945,11.958333333333334
1972-07-01,209045395.75,198.4233365,232.46146,11.95
1972-08-01,209239844.74166667,199.65626491666666,234.9767255,11.941666666666666
1972-09-01,209434293.73333332,200.88919333333334,237.491991,11.933333333333334
1972-10-01,209628742.725,202.12212175000002,240.0072565,11.925
1972-11-01,209823191.71666667,203.35505016666667,242.522522,11.916666666666668
1972-12-01,210017640.70833334,204.58797858333332,245.0377875,11.908333333333333
1973-01-01,210212089.7,205.820907,247.553053,11.9
1973-02-01,210406538.69166666,15.400713,19.705115,11.908333333333333
1973-03-01,210600987.68333334,16.186175,19.485557,11.916666666666668
1973-04-01,210795436.675,15.418365,17.753752,11.925
1973-05-01,210989885.66666666,16.171628,18.148262,11.933333333333334
1973-06-01,211184334.65833333,15.42792,17.326321,11.941666666666666
1973-07-01,211378783.65,15.498585,17.772702,11.95
1973-08-01,211573232.64166668,16.357029,18.483275,11.958333333333334
1973-09-01,211767681.63333333,15.286979,17.228006,11.966666666666667
1973-10-01,211962130.625,16.129264,18.432603,11.975
1973-11-01,212156579.61666667,15.622506999999999,19.459104,11.983333333333334
1973-12-01,212351028.60833335,16.035786,20.564532,11.991666666666667
1974-01-01,212545477.6,202.018183,240.989313,12.0
1974-02-01,212739926.59166667,15.090508999999999,18.842726,12.016666666666666
1974-03-01,212934375.58333334,16.110142,19.003307999999997,12.033333333333333
1974-04-01,213128824.575,15.751572,17.4921,12.05
1974-05-01,213323273.56666666,16.329241,17.507696,12.066666666666666
1974-06-01,213517722.55833334,15.057039,16.837236,12.083333333333332
1974-07-01,213712171.55,15.605792000000001,17.831179,12.1
1974-08-01,213906620.54166666,15.642015,17.897652,12.116666666666667
1974-09-01,214101069.53333333,15.149958000000002,16.997072,12.133333333333333
1974-10-01,214295518.525,15.973762999999998,18.408374000000002,12.149999999999999
1974-11-01,214489967.51666668,13.844251,18.57184,12.166666666666666
1974-12-01,214684416.50833333,14.733329000000001,20.367425,12.183333333333334
1975-01-01,214878865.5,197.63190600000001,234.840249,12.2
1975-02-01,215073314.49166667,14.529945,18.355382,12.191666666666666
1975-03-01,215267763.48333335,15.528993,18.980413,12.183333333333334
1975-04-01,215462212.475,15.111544,17.243674,12.174999999999999
1975-05-01,215656661.46666667,15.500655,16.317279999999997,12.166666666666666
1975-06-01,215851110.45833334,15.176798000000002,16.164726,12.158333333333333
1975-07-01,216045559.45,14.723120000000002,16.835559,12.149999999999999
1975-08-01,216240008.44166666,15.010994,17.056345999999998,12.141666666666666
1975-09-01,216434457.43333334,14.802778,16.335869000000002,12.133333333333333
1975-10-01,216628906.425,15.529361,17.563111,12.125
1975-11-01,216823355.41666666,14.847169,17.391254,12.116666666666667
1975-12-01,217017804.40833333,15.509006000000001,20.592361,12.108333333333333
1976-01-01,217212253.4,197.858962,247.40247599999998,12.1
1976-02-01,217406702.39166668,14.755483,19.018588,12.116666666666667
1976-03-01,217601151.38333333,15.850429,19.017228,12.133333333333333
1976-04-01,217795600.375,15.062581000000002,17.442156,12.15
1976-05-01,217990049.36666667,15.377882,17.245909,12.166666666666666
1976-06-01,218184498.35833335,15.309197,17.296404,12.183333333333334
1976-07-01,218378947.35,14.596657,17.873638,12.2
1976-08-01,218573396.34166667,15.062453999999999,17.70286,12.216666666666667
1976-09-01,218767845.33333334,15.045633,17.022114000000002,12.233333333333334
1976-10-01,218962294.325,15.293609,18.531464999999997,12.25
1976-11-01,219156743.31666666,15.052584,20.005436,12.266666666666667
1976-12-01,219351192.30833334,15.645282000000002,22.734823,12.283333333333333
1977-01-01,219545641.3,197.770906,254.23512399999998,12.3
1977-02-01,219740090.29166666,14.091953,19.744345,12.308333333333334
1977-03-01,219934539.28333333,16.216358999999997,19.490682,12.316666666666666
1977-04-01,220128988.275,15.273368,17.716189,12.325000000000001
1977-05-01,220323437.26666665,15.681397,17.76012,12.333333333333334
1977-06-01,220517886.25833333,15.408389000000001,18.016133,12.341666666666667
1977-07-01,220712335.25,14.732141,18.340644,12.350000000000001
1977-08-01,220906784.24166667,15.320287,18.645867,12.358333333333334
1977-09-01,221101233.23333335,15.81627,18.012512,12.366666666666667
1977-10-01,221295682.225,16.04511,18.598115,12.375
1977-11-01,221490131.21666667,15.993696,19.235775,12.383333333333333
1977-12-01,221684580.20833334,14.077174,22.055348,12.391666666666667
1978-01-01,221879029.2,199.786655,259.30565,12.4
1978-02-01,222073478.19166666,12.681529999999999,20.907152,12.408333333333333
1978-03-01,222267927.18333334,14.848715,20.634447,12.416666666666668
1978-04-01,222462376.175,15.805385,18.294843,12.425
1978-05-01,222656825.16666666,16.752195,18.755155000000002,12.433333333333334
1978-06-01,222851274.15833333,16.17224,18.187078,12.441666666666666
1978-07-01,223045723.15,15.739139,18.721504,12.45
1978-08-01,223240172.14166665,16.310752,19.183864,12.458333333333334
1978-09-01,223434621.13333333,15.355347,17.997602,12.466666666666667
1978-10-01,223629070.125,16.518853,18.998353,12.475
1978-11-01,223823519.11666667,16.25077,19.7609,12.483333333333334
1978-12-01,224017968.10833335,16.091695,22.125236,12.491666666666667
1979-01-01,224212417.1,210.951141,263.416573,12.5
1979-02-01,224406866.09166667,14.960561000000002,21.935113,12.566666666666666
1979-03-01,224601315.08333334,16.760513,21.172783,12.633333333333333
1979-04-01,224795764.075,16.050517,18.645529,12.7
1979-05-01,224990213.06666666,16.725957,18.853731,12.766666666666667
1979-06-01,225184662.05833334,16.217885000000003,18.233835,12.833333333333334
1979-07-01,225379111.05,15.298779,18.583562,12.9
1979-08-01,225573560.04166666,16.723152,19.195336,12.966666666666667
1979-09-01,225768009.03333333,15.763831,17.902364,13.033333333333333
1979-10-01,225962458.025,17.185098,19.386674,13.100000000000001
1979-11-01,226156907.01666665,16.505734,19.816336,13.166666666666668
1979-12-01,226351356.00833333,16.410164,21.775546,13.233333333333334
1980-01-01,226545805.0,215.909534,253.68069,13.3
1980-02-01,226730505.56666666,16.107213,21.148365,13.325000000000001
1980-03-01,226915206.13333333,17.288389,20.838283999999998,13.350000000000001
1980-04-01,227099906.7,16.569795,18.263323,13.375
1980-05-01,227284607.26666668,16.986036,17.814729,13.4
1980-06-01,227469307.83333334,16.392246999999998,17.409767000000002,13.425
1980-07-01,227654008.4,15.934823999999999,18.169175000000003,13.45
1980-08-01,227838708.96666667,16.166224,17.916372000000003,13.475
1980-09-01,228023409.53333333,16.045989,17.646541,13.5
1980-10-01,228208110.1,16.628946,18.676327,13.525
1980-11-01,228392810.66666666,16.172564,19.02231,13.55
1980-12-01,228577511.23333332,17.202182999999998,21.838984,13.575
1981-01-01,228762211.8,214.432498,247.589703,13.6
1981-02-01,228946912.36666667,15.890135,19.198821,13.641666666666666
1981-03-01,229131612.93333334,17.422551,19.559162999999998,13.683333333333334
1981-04-01,229316313.5,14.175108999999999,17.380519,13.725
1981-05-01,229501014.06666666,14.611998,17.581799,13.766666666666666
1981-06-01,229685714.63333333,15.975444,17.73923,13.808333333333334
1981-07-01,229870415.2,17.004351,18.351225,13.85
1981-08-01,230055115.76666668,17.487845999999998,18.021993000000002,13.891666666666666
1981-09-01,230239816.33333334,16.951050000000002,17.176226999999997,13.933333333333334
1981-10-01,230424516.9,17.46656,18.188878,13.975
1981-11-01,230609217.46666667,16.620224999999998,18.144825,14.016666666666666
1981-12-01,230793918.03333333,17.403304,20.962721000000002,14.058333333333334
1982-01-01,230978618.6,213.31621,237.872206,14.1
1982-02-01,231163319.16666666,16.102397,19.176515,14.108333333333333
1982-03-01,231348019.73333332,17.940203,19.368865,14.116666666666667
1982-04-01,231532720.3,16.645658,17.868617999999998,14.125
1982-05-01,231717420.86666667,16.626448,16.555381,14.133333333333333
1982-06-01,231902121.43333334,16.369169,16.448096,14.141666666666666
1982-07-01,232086822.0,15.892233,17.216052,14.149999999999999
1982-08-01,232271522.56666666,16.490551,17.158718,14.158333333333333
1982-09-01,232456223.13333333,15.704539,16.348227,14.166666666666666
1982-10-01,232640923.7,16.128574999999998,16.900565,14.174999999999999
1982-11-01,232825624.26666668,15.667007000000002,17.659558,14.183333333333334
1982-12-01,233010324.83333334,16.014845,19.086819,14.191666666666666
1983-01-01,233195025.4,205.33707099999998,235.750023,14.2
1983-02-01,233379725.96666667,14.921105,17.937101,14.225
1983-03-01,233564426.53333333,16.236371,19.017256,14.25
1983-04-01,233749127.1,15.476259,17.349604,14.274999999999999
1983-05-01,233933827.66666666,15.698999,16.824286999999998,14.299999999999999
1983-06-01,234118528.23333335,15.347147,16.753442,14.325
1983-07-01,234303228.8,15.188538000000001,17.525622000000002,14.35
1983-08-01,234487929.36666667,16.288240000000002,18.078362,14.375
1983-09-01,234672629.93333334,15.614465,16.803278,14.4
1983-10-01,234857330.5,16.082442999999998,16.799839,14.425
1983-11-01,235042031.06666666,15.791127,17.513961000000002,14.45
1983-12-01,235226731.63333333,16.011131,20.284137,14.475
1984-01-01,235411432.2,220.115066,248.52279099999998,14.5
1984-02-01,235596132.76666668,16.533065,19.540298,14.508333333333333
1984-03-01,235780833.33333334,17.511214,20.261256,14.516666666666666
1984-04-01,235965533.9,16.664564,18.529157,14.525
1984-05-01,236150234.46666667,17.541628,18.211004,14.533333333333333
1984-06-01,236334935.03333333,16.731734,17.787050999999998,14.541666666666666
1984-07-01,236519635.6,17.029478,18.136122,14.55
1984-08-01,236704336.16666666,17.938864,18.621278,14.558333333333334
1984-09-01,236889036.73333335,16.714283000000002,16.943292,14.566666666666666
1984-10-01,237073737.3,16.37696,17.590755,14.575
1984-11-01,237258437.86666667,15.90113,18.016739,14.583333333333332
1984-12-01,237443138.43333334,16.634473,19.643628,14.591666666666667
1985-01-01,237627839.0,215.949164,246.38839000000002,14.6
1985-02-01,237812539.56666666,15.910777,20.295854,14.608333333333333
1985-03-01,237997240.13333333,17.191657,19.377952999999998,14.616666666666667
1985-04-01,238181940.7,16.516672,18.017336,14.625
1985-05-01,238366641.26666668,16.958755,17.69195,14.633333333333333
1985-06-01,238551341.83333334,16.187233,17.291722,14.641666666666666
1985-07-01,238736042.4,16.184517,18.161276,14.649999999999999
1985-08-01,238920742.96666667,16.738736,18.371682,14.658333333333333
1985-09-01,239105443.53333333,16.117717,16.888119,14.666666666666666
1985-10-01,239290144.1,16.877284,17.725361,14.674999999999999
1985-11-01,239474844.66666666,16.033725,17.837684,14.683333333333334
1985-12-01,239659545.23333335,17.150438,21.277115000000002,14.691666666666666
1986-01-01,239844245.8,214.364707,246.967297,14.7
1986-02-01,240028946.36666667,16.033889000000002,19.496869,14.733333333333333
1986-03-01,240213646.93333334,17.224458,19.986917,14.766666666666666
1986-04-01,240398347.5,16.257929999999998,17.990445,14.799999999999999
1986-05-01,240583048.06666666,16.427495999999998,17.943784,14.833333333333332
1986-06-01,240767748.63333333,15.858755,17.697381,14.866666666666665
1986-07-01,240952449.2,15.907434,18.664303,14.899999999999999
1986-08-01,241137149.76666668,16.245331999999998,18.254349,14.933333333333334
1986-09-01,241321850.33333334,15.724717000000002,17.046204,14.966666666666667
1986-10-01,241506550.9,16.518098,17.716631,15.0
1986-11-01,241691251.46666667,15.991545,17.97214,15.033333333333333
1986-12-01,241875952.03333333,16.866951,20.642677,15.066666666666666
1987-01-01,242060652.6,214.959195,253.919962,15.1
1987-02-01,242245353.16666666,15.707930999999999,19.774624,15.141666666666666
1987-03-01,242430053.73333335,16.902665,19.88346,15.183333333333334
1987-04-01,242614754.3,15.986061,18.560273000000002,15.225
1987-05-01,242799454.86666667,16.103619000000002,18.214624999999998,15.266666666666666
1987-06-01,242984155.43333334,16.071339000000002,18.429483,15.308333333333334
1987-07-01,243168856.0,15.870863,19.429764,15.35
1987-08-01,243353556.56666666,16.60676,19.080834,15.391666666666666
1987-09-01,243538257.13333333,16.303601999999998,17.931328,15.433333333333334
1987-10-01,243722957.7,17.081077,18.682843,15.475
1987-11-01,243907658.26666668,16.590867,18.61283,15.516666666666666
1987-12-01,244092358.83333334,17.346453,21.374294,15.558333333333334
1988-01-01,244277059.4,218.36477200000002,265.036835,15.6
1988-02-01,244461759.96666667,16.492910000000002,21.452702000000002,15.625
1988-03-01,244646460.53333333,17.597837,21.397458,15.65
1988-04-01,244831161.1,16.302987,18.903213,15.675
1988-05-01,245015861.66666666,16.553628,18.728194000000002,15.7
1988-06-01,245200562.23333335,16.278653,19.033403,15.725
1988-07-01,245385262.8,16.035139,19.679816,15.75
1988-08-01,245569963.36666667,17.334014,20.416163,15.775
1988-09-01,245754663.93333334,16.422781,18.512491,15.8
1988-10-01,245939364.5,16.766158,19.289075,15.825
1988-11-01,246124065.06666666,16.840994,19.680466,15.85
1988-12-01,246308765.63333333,17.173664,22.141073,15.875
1989-01-01,246493466.2,219.75725799999998,270.921761,15.9
1989-02-01,246678166.76666668,15.827709,21.264306,15.941666666666666
1989-03-01,246862867.33333334,17.599327,22.196621,15.983333333333334
1989-04-01,247047567.9,16.418131,19.613256,16.025
1989-05-01,247232268.46666667,17.184068,19.486637,16.066666666666666
1989-06-01,247416969.03333333,16.497059,19.611765,16.108333333333334
1989-07-01,247601669.6,15.983996999999999,19.996006,16.15
1989-08-01,247786370.16666666,17.628926,20.488811,16.191666666666666
1989-09-01,247971070.73333335,16.567183,18.960687,16.233333333333334
1989-10-01,248155771.3,17.21965,19.914365,16.275
1989-11-01,248340471.86666667,17.155127999999998,20.368865,16.316666666666666
1989-12-01,248525172.43333334,16.664474,24.204462,16.35833333333333
1990-01-01,248709873.0,224.13659,270.020201,16.4
1990-02-01,248982473.275,16.554740000000002,20.489264,16.441666666666666
1990-03-01,249255073.55,17.944069,21.435028,16.48333333333333
1990-04-01,249527673.825,16.701816,19.899682,16.525
1990-05-01,249800274.1,17.157683,19.78559,16.566666666666666
1990-06-01,250072874.375,16.636709,19.778763,16.60833333333333
1990-07-01,250345474.65,16.726445,20.519043,16.65
1990-08-01,250618074.925,17.66365,21.242734,16.691666666666666
1990-09-01,250890675.2,16.428956,19.321801999999998,16.73333333333333
1990-10-01,251163275.475,17.750036,19.951124,16.775
1990-11-01,251435875.75,17.114565,19.832717,16.816666666666666
1990-12-01,251708476.025,16.981518,22.074452,16.85833333333333
1991-01-01,251981076.3,222.604812,270.218967,16.9
1991-02-01,252253676.575,16.440153000000002,20.078135,16.9
1991-03-01,252526276.85,17.552408,20.892943,16.9
1991-04-01,252798877.125,16.538705,19.163394,16.9
1991-05-01,253071477.4,16.891177,19.462512,16.9
1991-06-01,253344077.675,16.357891,19.519809000000002,16.9
1991-07-01,253616677.95,16.847024,20.642421,16.9
1991-08-01,253889278.225,17.436796,20.709358,16.9
1991-09-01,254161878.5,16.616892,19.410798,16.9
1991-10-01,254434478.775,17.579771,20.060465,16.9
1991-11-01,254707079.05,16.847769,20.519649,16.9
1991-12-01,254979679.325,17.368863,22.47546,16.9
1992-01-01,255252279.6,221.277116,273.815155,16.9
1992-02-01,255524879.875,16.412287,21.161294,16.883333333333333
1992-03-01,255797480.15,17.120573999999998,21.553847,16.866666666666667
1992-04-01,256070080.425,16.449607,20.068789,16.849999999999998
1992-05-01,256342680.7,16.600004000000002,19.602123,16.833333333333332
1992-06-01,256615280.975,16.564801,19.594146,16.816666666666666
1992-07-01,256887881.25,16.951294,20.871585,16.799999999999997
1992-08-01,257160481.525,17.006843,20.454923,16.78333333333333
1992-09-01,257433081.8,16.569172000000002,19.494388999999998,16.766666666666666
1992-10-01,257705682.075,17.251579,20.172641,16.75
1992-11-01,257978282.35,16.733064,20.686663,16.733333333333334
1992-12-01,258250882.625,17.592042999999997,23.503111,16.716666666666665
1993-01-01,258523482.9,215.765654,278.251291,16.7
1993-02-01,258796083.175,15.762260000000001,21.706161,16.7
1993-03-01,259068683.45,17.286337,22.928822,16.7
1993-04-01,259341283.725,16.317521,20.241367,16.7
1993-05-01,259613884.0,16.326147,19.399096999999998,16.7
1993-06-01,259886484.275,16.434994,19.966166,16.7
1993-07-01,260159084.55,15.994146,21.313731,16.7
1993-08-01,260431684.825,16.466105,21.382763,16.7
1993-09-01,260704285.1,16.196436,19.902047,16.7
1993-10-01,260976885.375,16.642719,20.455313,16.7
1993-11-01,261249485.65,16.516931,21.328288,16.7
1993-12-01,261522085.925,17.105972,23.469444,16.7
1994-01-01,261794686.2,222.358508,285.022356,16.7
1994-02-01,262067286.475,16.015161,22.678308,16.708333333333332
1994-03-01,262339886.75,18.034866,22.44286,16.716666666666665
1994-04-01,262612487.025,16.874209,20.458275,16.725
1994-05-01,262885087.3,16.926724,20.121919,16.733333333333334
1994-06-01,263157687.575,16.877429,20.915155,16.741666666666667
1994-07-01,263430287.85,16.839002999999998,21.521259,16.75
1994-08-01,263702888.125,17.80863,21.755232,16.758333333333333
1994-09-01,263975488.4,16.86532,20.032046,16.766666666666666
1994-10-01,264248088.675,17.009143,20.649883000000003,16.775
1994-11-01,264520688.95,17.208527,20.838569,16.783333333333335
1994-12-01,264793289.225,17.89328,23.351477000000003,16.791666666666668
1995-01-01,265065889.5,224.05415299999999,289.359652,16.8
1995-02-01,265338489.775,16.209741,22.213075,16.808333333333334
1995-03-01,265611090.05,17.805877,22.64699,16.816666666666666
1995-04-01,265883690.325,16.584954,20.77269,16.825
1995-05-01,266156290.6,17.167902,20.84914,16.833333333333332
1995-06-01,266428890.875,16.992005,21.076338,16.841666666666665
1995-07-01,266701491.15,17.157598999999998,22.197207,16.85
1995-08-01,266974091.425,17.603994,23.070042,16.858333333333334
1995-09-01,267246691.7,16.968892,20.793011,16.866666666666667
1995-10-01,267519291.975,17.433445,21.078124,16.875
1995-11-01,267791892.25,17.249976,22.140852,16.883333333333333
1995-12-01,268064492.525,17.395632,24.582791,16.891666666666666
1996-01-01,268337092.8,227.73546299999998,300.067867,16.9
1996-02-01,268609693.075,16.802675,23.701558,16.90833333333333
1996-03-01,268882293.35,17.985368,23.965633,16.916666666666664
1996-04-01,269154893.625,17.251606000000002,21.532541,16.924999999999997
1996-05-01,269427493.9,17.686582,21.782772,16.933333333333334
1996-06-01,269700094.175,17.239558,21.708441999999998,16.941666666666666
1996-07-01,269972694.45,17.791614,22.600931,16.95
1996-08-01,270245294.725,18.166536999999998,22.930851999999998,16.958333333333332
1996-09-01,270517895.0,17.073025,20.841436,16.966666666666665
1996-10-01,270790495.275,17.864685,22.297575000000002,16.975
1996-11-01,271063095.55,17.186577,22.816402,16.983333333333334
1996-12-01,271335695.825,17.654508,24.59778,16.991666666666667
1997-01-01,271608296.1,228.810079,302.477303,17.0
1997-02-01,271880896.375,16.707136,22.812614,16.991666666666667
1997-03-01,272153496.65,18.049775,23.406221000000002,16.983333333333334
1997-04-01,272426096.925,17.185545,22.074475,16.975
1997-05-01,272698697.2,18.085021,21.917668,16.966666666666665
1997-06-01,272971297.475,17.175961,21.826651,16.958333333333332
1997-07-01,273243897.75,17.740943,23.637926999999998,16.95
1997-08-01,273516498.025,17.681492,23.052714,16.941666666666666
1997-09-01,273789098.3,17.36375,21.667307,16.933333333333334
1997-10-01,274061698.575,17.869798000000003,22.517867,16.924999999999997
1997-11-01,274334298.85,16.752473,22.692209,16.916666666666664
1997-12-01,274606899.125,17.904803,25.211482,16.90833333333333
1998-01-01,274879499.4,230.00893100000002,302.64565300000004,16.9
1998-02-01,275152099.675,16.598762,22.387026,16.883333333333333
1998-03-01,275424699.95,18.281817,23.926643,16.866666666666667
1998-04-01,275697300.225,17.517093,22.010421,16.849999999999998
1998-05-01,275969900.5,17.915992,22.164263,16.833333333333332
1998-06-01,276242500.775,17.499597,22.536510999999997,16.816666666666666
1998-07-01,276515101.05,17.735375,24.153717,16.799999999999997
1998-08-01,276787701.325,17.752633,24.004575,16.78333333333333
1998-09-01,277060301.6,16.996831,22.220886999999998,16.766666666666666
1998-10-01,277332901.875,17.763632,22.206561,16.75
1998-11-01,277605502.15,16.965522,21.905748,16.733333333333334
1998-12-01,277878102.425,17.787263,24.7401,16.716666666666665
1999-01-01,278150702.7,225.210186,307.806401,16.7
1999-02-01,278423302.975,16.630448,22.817583,16.716666666666665
1999-03-01,278695903.25,17.979542,24.482127,16.733333333333334
1999-04-01,278968503.525,16.812227,22.433455,16.75
1999-05-01,279241103.8,17.085746,22.260934,16.766666666666666
1999-06-01,279513704.075,17.168019,22.742428,16.78333333333333
1999-07-01,279786304.35,17.467895,24.385428,16.799999999999997
1999-08-01,280058904.625,17.633671,24.392763,16.816666666666666
1999-09-01,280331504.9,17.013442,22.167506,16.833333333333332
1999-10-01,280604105.175,17.04526,22.535763,16.849999999999998
1999-11-01,280876705.45,17.170569,22.234497,16.866666666666667
1999-12-01,281149305.725,17.676649,25.281302,16.883333333333333
2000-01-01,281421906.0,223.281471,314.023357,16.9
2000-02-01,281649602.93333334,16.559167,24.506981000000003,16.916666666666664
2000-03-01,281877299.8666667,18.198147,24.201696,16.933333333333334
2000-04-01,282104996.8,16.576399,22.378317,16.95
2000-05-01,282332693.73333335,17.402645,23.382229,16.966666666666665
2000-06-01,282560390.6666667,17.183402,23.282329,16.983333333333334
2000-07-01,282788087.6,17.135144,23.936454,17.0
2000-08-01,283015784.53333336,17.855036,24.887763,17.016666666666666
2000-09-01,283243481.46666664,16.707669,22.439889,17.033333333333335
2000-10-01,283471178.4,17.29778,22.717673,17.05
2000-11-01,283698875.3333333,16.897927000000003,23.211932,17.066666666666666
2000-12-01,283926572.26666665,16.804429,26.93281,17.083333333333336
2001-01-01,284154269.2,224.60876,306.936908,17.1
2001-02-01,284381966.1333333,15.951955,23.572498,17.083333333333336
2001-03-01,284609663.06666666,17.891468,24.756235,17.066666666666666
2001-04-01,284837360.0,16.788475,22.308198,17.05
2001-05-01,285065056.93333334,17.548425,22.221747999999998,17.033333333333335
2001-06-01,285292753.8666667,17.222917,22.228406,17.016666666666666
2001-07-01,285520450.8,17.241756000000002,23.694932,17.0
2001-08-01,285748147.73333335,17.896515,24.17552,16.983333333333334
2001-09-01,285975844.6666667,16.758561,21.535201999999998,16.966666666666665
2001-10-01,286203541.6,17.783485,22.510138,16.95
2001-11-01,286431238.53333336,17.117651000000002,21.970907,16.933333333333334
2001-12-01,286658935.46666664,17.185003000000002,24.055322,16.916666666666664
2002-01-01,286886632.4,221.846334,309.878038,16.9
2002-02-01,287114329.3333333,16.098821,22.910011,16.90833333333333
2002-03-01,287342026.26666665,17.111425,24.401260999999998,16.916666666666664
2002-04-01,287569723.2,16.774224,22.655022,16.924999999999997
2002-05-01,287797420.1333333,17.441359,22.734592,16.933333333333334
2002-06-01,288025117.06666666,16.809625,22.962326,16.941666666666666
2002-07-01,288252814.0,17.18566,24.508316,16.95
2002-08-01,288480510.93333334,17.341614,24.268409,16.958333333333332
2002-09-01,288708207.8666667,16.504848,22.288145999999998,16.966666666666665
2002-10-01,288935904.8,16.789540000000002,22.757687,16.975
2002-11-01,289163601.73333335,16.495495,23.380261,16.983333333333334
2002-12-01,289391298.6666667,17.228973,25.770062,16.991666666666667
2003-01-01,289618995.6,218.977153,312.418985,17.0
2003-02-01,289846692.53333336,15.57792,24.638944000000002,17.008333333333333
2003-03-01,290074389.46666664,17.133893999999998,24.518026,17.016666666666666
2003-04-01,290302086.4,16.696297,22.403348,17.025
2003-05-01,290529783.3333333,17.166526,22.338937,17.033333333333335
2003-06-01,290757480.26666665,16.791819,22.252284,17.041666666666668
2003-07-01,290985177.2,16.948529,24.070943,17.05
2003-08-01,291212874.1333333,17.08692,24.438613,17.058333333333334
2003-09-01,291440571.06666666,16.599013,22.153746,17.066666666666666
2003-10-01,291668268.0,17.064924,22.723615,17.075000000000003
2003-11-01,291895964.93333334,16.116101,22.887871,17.083333333333336
2003-12-01,292123661.8666667,17.230302000000002,26.05606,17.09166666666667
2004-01-01,292351358.8,219.610076,318.877378,17.1
2004-02-01,292579055.73333335,16.03578,25.524558,17.1
2004-03-01,292806752.6666667,17.295798,24.629712,17.1
2004-04-01,293034449.6,16.612605000000002,22.7461,17.1
2004-05-01,293262146.53333336,16.751987,23.183531000000002,17.1
2004-06-01,293489843.46666664,16.997974,23.216004,17.1
2004-07-01,293717540.4,17.230325999999998,24.439304,17.1
2004-08-01,293945237.3333333,17.214726,24.291549000000003,17.1
2004-09-01,294172934.26666665,16.368231,22.79893,17.1
2004-10-01,294400631.2,16.591507999999997,23.176952,17.1
2004-11-01,294628328.1333333,16.482749,23.520695,17.1
2004-12-01,294856025.06666666,17.380234,26.734785,17.1
2005-01-01,295083722.0,217.150123,319.04397200000005,17.1
2005-02-01,295311418.93333334,15.925839,24.189754,17.108333333333334
2005-03-01,295539115.8666667,17.752092,25.511376,17.116666666666667
2005-04-01,295766812.8,16.684388,22.546266,17.125
2005-05-01,295994509.73333335,17.061359,23.144734,17.133333333333333
2005-06-01,296222206.6666667,17.086434,23.814056,17.141666666666666
2005-07-01,296449903.6,17.035164,24.976211,17.15
2005-08-01,296677600.53333336,17.203378999999998,25.298019,17.158333333333335
2005-09-01,296905297.46666664,15.474567,22.661546,17.166666666666668
2005-10-01,297132994.4,15.782999,22.697557,17.175
2005-11-01,297360691.3333333,16.121213,23.146921,17.183333333333334
2005-12-01,297588388.26666665,16.663489,26.831996,17.191666666666666
2006-01-01,297816085.2,221.173506,315.457627,17.2
2006-02-01,298043782.1333333,15.589027999999999,23.903425,17.2
2006-03-01,298271479.06666666,17.298924,25.070027000000003,17.2
2006-04-01,298499176.0,16.626062,22.513713000000003,17.2
2006-05-01,298726872.93333334,17.432623,23.200067,17.2
2006-06-01,298954569.8666667,17.199351,23.709229,17.2
2006-07-01,299182266.8,17.239698,25.118468999999997,17.2
2006-08-01,299409963.73333335,17.449922,25.418751,17.2
2006-09-01,299637660.6666667,16.563164,22.649021,17.2
2006-10-01,299865357.6,17.011067,23.443803,17.2
2006-11-01,300093054.5333333,16.722662,23.438145,17.2
2006-12-01,300320751.46666664,17.331831,25.626373,17.2
2007-01-01,300548448.4,223.184697,320.845125,17.2
2007-02-01,300776145.3333333,15.735184,25.548271,17.216666666666665
2007-03-01,301003842.26666665,17.441746000000002,24.979833,17.233333333333334
2007-04-01,301231539.2,16.677212,23.126154,17.25
2007-05-01,301459236.1333333,17.581043,23.332186999999998,17.266666666666666
2007-06-01,301686933.06666666,17.114742,23.520916,17.28333333333333
2007-07-01,301914630.0,17.255054,24.66264,17.299999999999997
2007-08-01,302142326.93333334,17.647219,25.648101,17.316666666666666
2007-09-01,302370023.8666667,16.612171,23.079442,17.333333333333332
2007-10-01,302597720.8,17.291823,23.233009,17.349999999999998
2007-11-01,302825417.73333335,17.101636,23.519648,17.366666666666667
2007-12-01,303053114.6666667,17.471004999999998,26.473061,17.383333333333333
2008-01-01,303280811.6,228.860144,315.037293,17.4
2008-02-01,303508508.5333333,16.77877,25.245862,17.416666666666664
2008-03-01,303736205.46666664,17.814234,25.054371,17.433333333333334
2008-04-01,303963902.4,17.394292,22.870867,17.45
2008-05-01,304191599.3333333,17.965190999999997,22.973554,17.466666666666665
2008-06-01,304419296.26666665,17.473972,23.347348,17.483333333333334
2008-07-01,304646993.2,18.417597,24.423997,17.5
2008-08-01,304874690.1333333,18.129739999999998,23.846176,17.516666666666666
2008-09-01,305102387.06666666,16.21609,21.322684,17.533333333333335
2008-10-01,305330084.0,17.643940999999998,22.671180999999997,17.55
2008-11-01,305557780.93333334,17.194917,22.742931,17.566666666666666
2008-12-01,305785477.8666667,18.13114,25.607203,17.583333333333336
2009-01-01,306013174.8,227.536013,299.857269,17.6
2009-02-01,306240871.73333335,16.482544,22.913121,17.583333333333336
2009-03-01,306468568.6666667,18.016859,23.426362,17.566666666666666
2009-04-01,306696265.6,17.159264,21.372182000000002,17.55
2009-05-01,306923962.5333333,17.54515,21.139884000000002,17.533333333333335
2009-06-01,307151659.46666664,17.493591,21.842941,17.516666666666666
2009-07-01,307379356.4,17.853686,22.634076,17.5
2009-08-01,307607053.3333333,17.779306,23.082901,17.483333333333334
2009-09-01,307834750.26666665,17.026874,21.084205,17.466666666666665
2009-10-01,308062447.2,17.368296,21.764054,17.45
2009-11-01,308290144.1333333,16.941046999999998,21.679765,17.433333333333334
2009-12-01,308517841.06666666,17.642027,25.733854,17.416666666666664
2010-01-01,308745538.0,234.009201,310.520843,17.4
2010-02-01,308934735.85833335,16.53049,23.893580999999998,17.40833333333333
2010-03-01,309123933.71666664,18.462907,23.87006,17.416666666666664
2010-04-01,309313131.575,17.552121,21.464662999999998,17.424999999999997
2010-05-01,309502329.43333334,17.922638,22.290174,17.433333333333334
2010-06-01,309691527.2916667,17.876182,23.262456,17.441666666666666
2010-07-01,309880725.15,18.258627,24.328004999999997,17.45
2010-08-01,310069923.0083333,18.457363,24.530367,17.458333333333332
2010-09-01,310259120.8666667,18.110384,22.318905,17.466666666666665
2010-10-01,310448318.725,18.349066999999998,21.812535,17.475
2010-11-01,310637516.5833333,18.10834,22.703896999999998,17.483333333333334
2010-12-01,310826714.44166666,18.946189,26.878847,17.491666666666667
2011-01-01,311015912.3,244.778517,309.163117,17.5
2011-02-01,311205110.15833336,17.005822,23.597033,17.508333333333333
2011-03-01,311394308.01666665,19.338286,24.269106,17.516666666666666
2011-04-01,311583505.875,18.336458,21.87277,17.525
2011-05-01,311772703.73333335,18.718595999999998,22.084497,17.533333333333335
2011-06-01,311961901.59166664,18.620167,22.93384,17.541666666666668
2011-07-01,312151099.45,18.745276,24.323605999999998,17.55
2011-08-01,312340297.30833334,19.375676,24.403062,17.558333333333334
2011-09-01,312529495.1666667,18.621069,21.93545,17.566666666666666
2011-10-01,312718693.025,19.38422,22.015707,17.575000000000003
2011-11-01,312907890.8833333,19.299843,22.637716,17.583333333333336
2011-12-01,313097088.7416667,19.885974,24.928954,17.59166666666667
2012-01-01,313286286.6,249.76283999999998,299.987711,17.6
2012-02-01,313475484.4583333,18.346308,23.17547,17.6
2012-03-01,313664682.31666666,19.318272,22.320633,17.6
2012-04-01,313853880.175,18.245807,20.999251,17.6
2012-05-01,314043078.03333336,19.156489999999998,22.119711000000002,17.6
2012-06-01,314232275.89166665,18.685788000000002,22.461486999999998,17.6
2012-07-01,314421473.75,19.533877,24.094250000000002,17.6
2012-08-01,314610671.60833335,19.664189,23.895286,17.6
2012-09-01,314799869.46666664,18.653447,21.375125,17.6
2012-10-01,314989067.325,19.428989,22.045454,17.6
2012-11-01,315178265.18333334,19.046359,22.655630000000002,17.6
2012-12-01,315367463.0416667,19.568353000000002,24.412442000000002,17.6
2013-01-01,315556660.9,257.138883,308.909328,17.6
2013-02-01,315745858.7583333,18.042559,23.350242,17.59166666666667
2013-03-01,315935056.6166667,19.778669999999998,24.433396000000002,17.583333333333336
2013-04-01,316124254.475,19.255376,21.922207999999998,17.575000000000003
2013-05-01,316313452.3333333,20.105658,22.122753,17.566666666666666
2013-06-01,316502650.19166666,19.538930999999998,22.416942,17.558333333333334
2013-07-01,316691848.05,20.45511,24.013072,17.55
2013-08-01,316881045.90833336,20.617878,23.699002999999998,17.541666666666668
2013-09-01,317070243.76666665,19.717989,22.168703999999998,17.533333333333335
2013-10-01,317259441.625,19.99613,22.431843999999998,17.525
2013-11-01,317448639.48333335,19.857022999999998,23.651555000000002,17.516666666666666
2013-12-01,317637837.34166664,20.200283,26.416787999999997,17.508333333333333
2014-01-01,317827035.2,275.706177,314.179736,17.5
2014-02-01,318016233.05833334,18.772463000000002,24.595453,17.53333333333333
2014-03-01,318205430.9166667,21.241824,24.875669,17.566666666666666
2014-04-01,318394628.775,20.820827,22.043698,17.6
2014-05-01,318583826.6333333,21.427491,22.244113,17.633333333333333
2014-06-01,318773024.4916667,20.979274,22.575066,17.666666666666664
2014-07-01,318962222.35,21.898971,23.883573,17.7
2014-08-01,319151420.2083333,21.945011,23.816046999999998,17.733333333333334
2014-09-01,319340618.06666666,21.187039,22.174355,17.766666666666666
2014-10-01,319529815.925,21.916926,22.584749000000002,17.799999999999997
2014-11-01,319719013.78333336,21.43288,23.867234,17.833333333333332
2014-12-01,319908211.64166665,22.557012,25.586495999999997,17.866666666666667
2015-01-01,320097409.5,278.918105,310.51962100000003,17.9
2015-02-01,320286607.35833335,19.962583000000002,25.131062999999997,17.9
2015-03-01,320475805.21666664,22.107493,24.577381000000003,17.9
2015-04-01,320665003.075,21.370697999999997,21.731035,17.9
2015-05-01,320854200.93333334,21.418727,22.199912,17.9
2015-06-01,321043398.7916667,20.654721,22.930979999999998,17.9
2015-07-01,321232596.65,21.871611,24.489424,17.9
2015-08-01,321421794.5083333,22.193914,24.126829999999998,17.9
2015-09-01,321610992.3666667,21.281914999999998,22.313568,17.9
2015-10-01,321800190.225,21.477005,22.175658,17.9
2015-11-01,321989388.0833333,20.722344,22.354713,17.9
2015-12-01,322178585.94166666,21.123694,24.341397999999998,17.9
2016-01-01,322367783.8,265.544018,309.653638,17.9
2016-02-01,322556981.65833336,19.750389,23.954929999999997,17.916666666666664
2016-03-01,322746179.51666665,20.722618999999998,23.222683,17.933333333333334
2016-04-01,322935377.375,19.527687999999998,21.65408,17.95
2016-05-01,323124575.23333335,20.289433,21.998726,17.966666666666665
2016-06-01,323313773.09166664,19.991073999999998,23.041992,17.983333333333334
2016-07-01,323502970.95,20.678718,24.596846999999997,18.0
2016-08-01,323692168.80833334,20.842376,24.799273,18.016666666666666
2016-09-01,323881366.6666667,19.885748,22.517500000000002,18.033333333333335
2016-10-01,324070564.525,20.697976999999998,22.278099,18.05
2016-11-01,324259762.3833333,20.41634,22.418120000000002,18.066666666666666
2016-12-01,324448960.2416667,20.85991,26.442889,18.083333333333336
2017-01-01,324638158.1,277.116089,310.32669599999997,18.1
2017-02-01,324827355.9583333,19.574126,22.166707,18.108333333333334
2017-03-01,325016553.81666666,21.520353,24.578516,18.116666666666667
2017-04-01,325205751.675,20.462446999999997,21.736187,18.125
2017-05-01,325394949.53333336,21.372025,22.711387000000002,18.133333333333333
2017-06-01,325584147.39166665,21.218051000000003,23.143244,18.141666666666666
2017-07-01,325773345.25,21.498855,24.486193,18.15
2017-08-01,325962543.10833335,21.792987,24.085031999999998,18.158333333333335
2017-09-01,326151740.9666667,20.979312999999998,22.113466000000003,18.166666666666668
2017-10-01,326340938.825,22.052475,22.717737,18.175
2017-11-01,326530136.68333334,21.936461,23.576909,18.183333333333334
2017-12-01,326719334.5416667,22.442891,26.76775,18.191666666666666
2018-01-01,326908532.4,301.440798,323.206484,18.2
2018-02-01,327097730.2583333,20.949123,23.491507,18.191666666666666
2018-03-01,327286928.1166667,23.242843,25.388502,18.183333333333334
2018-04-01,327476125.975,22.192247000000002,23.023854,18.175
2018-05-01,327665323.8333333,23.198686000000002,23.229464,18.166666666666668
2018-06-01,327854521.69166666,22.873435,23.673439000000002,18.158333333333335
2018-07-01,328043719.55,23.58322,25.045628999999998,18.15
2018-08-01,328232917.40833336,24.455275,25.281339000000003,18.141666666666666
2018-09-01,328422115.26666665,23.290021,22.893774,18.133333333333333
2018-10-01,328611313.125,24.175886000000002,23.619678,18.125
2018-11-01,328800510.98333335,23.876052,24.86353,18.116666666666667
2018-12-01,328989708.8416667,24.686433,26.316981,18.108333333333334
2019-01-01,329178906.7,320.845771,320.604657,18.1
2019-02-01,329368104.55833334,22.388059,24.479942,18.108333333333334
2019-03-01,329557302.4166667,24.351478,25.429978,18.116666666666667
2019-04-01,329746500.275,24.347917,22.382342,18.125
2019-05-01,329935698.1333333,25.255589999999998,23.138773,18.133333333333333
2019-06-01,330124895.9916667,24.287824999999998,23.014574,18.141666666666666
2019-07-01,330314093.85,24.859783,24.913457,18.15
2019-08-01,330503291.7083333,25.546979,24.9224,18.158333333333335
2019-09-01,330692489.56666666,24.586367000000003,22.891607999999998,18.166666666666668
2019-10-01,330881687.425,25.308645,23.167028,18.175
2019-11-01,331070885.28333336,24.734644000000003,24.496912000000002,18.183333333333334
2019-12-01,331260083.14166665,25.527584,26.058001,18.191666666666666
2020-01-01,331449281.0,304.57396700000004,296.606493,18.2
2020-02-01,331449281.0,23.707298,24.398999,18.2
2020-03-01,331449281.0,24.814174,22.963082,18.2
2020-04-01,331449281.0,22.733028,18.911445,18.2
2020-05-01,331449281.0,21.793795,19.793365,18.2
2020-06-01,331449281.0,22.191762,21.102066999999998,18.2
2020-07-01,331449281.0,23.342883,23.442971999999997,18.2
2020-08-01,331449281.0,23.211759999999998,23.283582,18.2
2020-09-01,331449281.0,22.442873,21.192887,18.2
2020-10-01,331449281.0,22.670571,21.787463,18.2
2020-11-01,331449281.0,22.936147,22.083536000000002,18.2
2020-12-01,331449281.0,23.596175000000002,25.385213999999998,18.2
2021-01-01,331449281.0,310.93003,311.485935,18.2
2021-02-01,331449281.0,19.961078,23.819045,18.2
2021-03-01,331449281.0,24.444169000000002,23.71089,18.2
2021-04-01,331449281.0,23.430931,21.918449,18.2
2021-05-01,331449281.0,24.511611000000002,22.485536,18.2
2021-06-01,331449281.0,23.821085000000004,23.428808,18.2
2021-07-01,331449281.0,24.339475,24.47887,18.2
2021-08-01,331449281.0,24.528948,24.82339,18.2
2021-09-01,331449281.0,23.531104,22.506913,18.2
2021-10-01,331449281.0,24.538212,22.694541,18.2
2021-11-01,331449281.0,24.40436,23.824227,18.2
2021-12-01,331449281.0,25.325360000000003,25.568798,18.2
2022-01-01,331449281.0,24.885043000000003,27.850134,18.2
2022-02-01,331449281.0,22.679332000000002,24.750648,18.2
2022-03-01,331449281.0,25.414109,24.993386,18.2
2022-04-01,331449281.0,24.37872,22.700503,18.2
2022-05-01,331449281.0,25.551211,23.175393,18.2
2022-06-01,331449281.0,25.021974999999998,23.788463999999998,18.2
2022-07-01,331449281.0,25.59456,25.080230999999998,18.2
2022-08-01,331449281.0,25.59456,25.080230999999998,18.2
2022-09-01,331449281.0,25.59456,25.080230999999998,18.2
2022-10-01,331449281.0,25.59456,25.080230999999998,18.2
2022-11-01,331449281.0,25.59456,25.080230999999998,18.2
2022-12-01,331449281.0,25.59456,25.080230999999998,18.2
