date,Population,generation,Veh_MPG,AvgTemp,ev_sales,GDP
1973-01-01,210212200.0,320400.0,11.9,29.59,0.0,1377.49
1973-02-01,210406650.0,287100.0,11.908333333333333,33.58,0.0,1389.6223333333332
1973-03-01,210601100.0,296300.0,11.916666666666668,44.29,0.0,1401.7546666666667
1973-04-01,210795550.0,279200.0,11.925,48.83,0.0,1413.887
1973-05-01,210990000.0,294800.0,11.933333333333334,59.23,0.0,1420.5373333333332
1973-06-01,211184450.0,322500.0,11.941666666666666,68.95,0.0,1427.1876666666667
1973-07-01,211378900.0,347500.0,11.95,73.26,0.0,1433.838
1973-08-01,211573350.0,354700.0,11.958333333333334,72.61,0.0,1447.9883333333332
1973-09-01,211767800.0,313800.0,11.966666666666667,64.4,0.0,1462.1386666666667
1973-10-01,211962250.0,308400.0,11.975,56.07,0.0,1476.289
1973-11-01,212156700.0,296300.0,11.983333333333334,42.93,0.0,1481.2623333333333
1973-12-01,212351150.0,307200.0,11.991666666666667,33.71,0.0,1486.2356666666667
1974-01-01,212545600.0,315100.0,12.0,31.01,0.0,1491.209
1974-02-01,212740050.0,285500.0,12.016666666666666,34.74,0.0,1504.1580000000001
1974-03-01,212934500.0,300700.0,12.033333333333333,44.38,0.0,1517.107
1974-04-01,213128950.0,284600.0,12.05,51.55,0.0,1530.056
1974-05-01,213323400.0,307600.0,12.066666666666666,60.37,0.0,1540.046
1974-06-01,213517850.0,312900.0,12.083333333333332,68.49,0.0,1550.036
1974-07-01,213712300.0,356500.0,12.1,74.08,0.0,1560.026
1974-08-01,213906750.0,348200.0,12.116666666666667,70.3,0.0,1573.2436666666667
1974-09-01,214101200.0,304900.0,12.133333333333333,62.31,0.0,1586.4613333333334
1974-10-01,214295650.0,304400.0,12.149999999999999,53.89,0.0,1599.679
1974-11-01,214490100.0,300100.0,12.166666666666666,42.39,0.0,1605.1580000000001
1974-12-01,214684550.0,320000.0,12.183333333333334,33.66,0.0,1610.637
1975-01-01,214879000.0,329200.0,12.2,32.34,0.0,1616.116
1975-02-01,215073450.0,294700.0,12.191666666666666,32.76,0.0,1628.0283333333334
1975-03-01,215267900.0,311500.0,12.183333333333334,38.7,0.0,1639.9406666666666
1975-04-01,215462350.0,293000.0,12.174999999999999,46.85,0.0,1651.853
1975-05-01,215656800.0,307100.0,12.166666666666666,60.35,0.0,1671.1753333333334
1975-06-01,215851250.0,325400.0,12.158333333333333,67.51,0.0,1690.4976666666666
1975-07-01,216045700.0,354100.0,12.149999999999999,73.56,0.0,1709.82
1975-08-01,216240150.0,359900.0,12.141666666666666,71.53,0.0,1727.157
1975-09-01,216434600.0,310900.0,12.133333333333333,62.89,0.0,1744.494
1975-10-01,216629050.0,310400.0,12.125,54.63,0.0,1761.831
1975-11-01,216823500.0,306100.0,12.116666666666667,42.6,0.0,1781.383
1975-12-01,217017950.0,339300.0,12.108333333333333,34.29,0.0,1800.935
1976-01-01,217212400.0,357200.0,12.1,29.93,0.0,1820.487
1976-02-01,217406850.0,313900.0,12.116666666666667,39.56,0.0,1831.102
1976-03-01,217601300.0,328900.0,12.133333333333333,42.31,0.0,1841.717
1976-04-01,217795750.0,306900.0,12.15,51.85,0.0,1852.332
1976-05-01,217990200.0,315300.0,12.166666666666666,59.04,0.0,1863.7406666666668
1976-06-01,218184650.0,347300.0,12.183333333333334,67.8,0.0,1875.1493333333333
1976-07-01,218379100.0,373400.0,12.2,72.9,0.0,1886.558
1976-08-01,218573550.0,373300.0,12.216666666666667,70.66,0.0,1902.463
1976-09-01,218768000.0,330500.0,12.233333333333334,64.18,0.0,1918.368
1976-10-01,218962450.0,328000.0,12.25,50.0,0.0,1934.273
1976-11-01,219156900.0,338700.0,12.266666666666667,38.48,0.0,1952.398
1976-12-01,219351350.0,368300.0,12.283333333333333,30.92,0.0,1970.523
1977-01-01,219545800.0,393300.0,12.3,23.09,0.0,1988.648
1977-02-01,219740250.0,325900.0,12.308333333333334,36.03,0.0,2011.0683333333334
1977-03-01,219934700.0,338900.0,12.316666666666666,43.18,0.0,2033.4886666666666
1977-04-01,220129150.0,314200.0,12.325000000000001,54.07,0.0,2055.909
1977-05-01,220323600.0,339200.0,12.333333333333334,61.66,0.0,2076.7636666666667
1977-06-01,220518050.0,362100.0,12.341666666666667,70.34,0.0,2097.6183333333333
1977-07-01,220712500.0,398300.0,12.350000000000001,74.43,0.0,2118.473
1977-08-01,220906950.0,392700.0,12.358333333333334,71.78,0.0,2133.7386666666666
1977-09-01,221101400.0,353000.0,12.366666666666667,65.93,0.0,2149.0043333333333
1977-10-01,221295850.0,333300.0,12.375,53.98,0.0,2164.27
1977-11-01,221490300.0,334800.0,12.383333333333333,42.87,0.0,2177.1
1977-12-01,221684750.0,369200.0,12.391666666666667,33.28,0.0,2189.9300000000003
1978-01-01,221879200.0,396200.0,12.4,25.86,0.0,2202.76
1978-02-01,222073650.0,347500.0,12.408333333333333,27.99,0.0,2245.717666666667
1978-03-01,222268100.0,346900.0,12.416666666666668,41.31,0.0,2288.675333333333
1978-04-01,222462550.0,320000.0,12.425,51.58,0.0,2331.633
1978-05-01,222657000.0,351100.0,12.433333333333334,59.74,0.0,2352.7729999999997
1978-06-01,222851450.0,377200.0,12.441666666666666,68.94,0.0,2373.913
1978-07-01,223045900.0,405900.0,12.45,73.8,0.0,2395.053
1978-08-01,223240350.0,413300.0,12.458333333333334,71.8,0.0,2422.3516666666665
1978-09-01,223434800.0,371600.0,12.466666666666667,65.84,0.0,2449.6503333333335
1978-10-01,223629250.0,352000.0,12.475,54.41,0.0,2476.949
1978-11-01,223823700.0,352800.0,12.483333333333334,41.47,0.0,2493.5026666666668
1978-12-01,224018150.0,384200.0,12.491666666666667,29.8,0.0,2510.0563333333334
1979-01-01,224212600.0,420000.0,12.5,21.9,0.0,2526.61
1979-02-01,224407050.0,373200.0,12.566666666666666,28.13,0.0,2548.1556666666665
1979-03-01,224601500.0,366300.0,12.633333333333333,42.06,0.0,2569.7013333333334
1979-04-01,224795950.0,340500.0,12.7,50.14,0.0,2591.247
1979-05-01,224990400.0,356800.0,12.766666666666667,59.13,0.0,2616.686333333333
1979-06-01,225184850.0,374000.0,12.833333333333334,67.82,0.0,2642.125666666667
1979-07-01,225379300.0,405000.0,12.9,73.13,0.0,2667.565
1979-08-01,225573750.0,410200.0,12.966666666666667,70.97,0.0,2686.337666666667
1979-09-01,225768200.0,361900.0,13.033333333333333,66.09,0.0,2705.110333333333
1979-10-01,225962650.0,359900.0,13.100000000000001,55.26,0.0,2723.883
1979-11-01,226157100.0,355500.0,13.166666666666668,39.94,0.0,2745.869333333333
1979-12-01,226351550.0,377900.0,13.233333333333334,36.03,0.0,2767.855666666667
1980-01-01,226546000.0,400600.0,13.3,31.12,0.0,2789.842
1980-02-01,226730700.0,377900.0,13.325000000000001,32.85,0.0,2792.345333333333
1980-03-01,226915400.0,375500.0,13.350000000000001,39.36,0.0,2794.8486666666668
1980-04-01,227100100.0,338000.0,13.375,51.44,0.0,2797.352
1980-05-01,227284800.0,352100.0,13.4,60.28,0.0,2817.0623333333333
1980-06-01,227469500.0,379500.0,13.425,68.74,0.0,2836.7726666666667
1980-07-01,227654200.0,434100.0,13.45,75.76,0.0,2856.483
1980-08-01,227838900.0,431300.0,13.475,72.79,0.0,2899.507666666667
1980-09-01,228023600.0,383400.0,13.5,66.24,0.0,2942.532333333333
1980-10-01,228208300.0,357500.0,13.525,52.59,0.0,2985.557
1980-11-01,228393000.0,357500.0,13.55,42.31,0.0,3031.773333333333
1980-12-01,228577700.0,391700.0,13.575,35.19,0.0,3077.989666666667
1981-01-01,228762400.0,413500.0,13.6,32.41,0.0,3124.206
1981-02-01,228947100.0,359700.0,13.641666666666666,36.59,0.0,3136.9813333333336
1981-03-01,229131800.0,371700.0,13.683333333333334,42.85,0.0,3149.7566666666667
1981-04-01,229316500.0,345700.0,13.725,55.13,0.0,3162.532
1981-05-01,229501200.0,356300.0,13.766666666666666,58.96,0.0,3195.2243333333336
1981-06-01,229685900.0,406000.0,13.808333333333334,69.82,0.0,3227.9166666666665
1981-07-01,229870600.0,441300.0,13.85,73.96,0.0,3260.609
1981-08-01,230055300.0,421300.0,13.891666666666666,72.1,0.0,3267.345333333333
1981-09-01,230240000.0,374100.0,13.933333333333334,64.92,0.0,3274.081666666667
1981-10-01,230424700.0,363100.0,13.975,52.32,0.0,3280.818
1981-11-01,230609400.0,351600.0,14.016666666666666,44.74,0.0,3278.646
1981-12-01,230794100.0,391700.0,14.058333333333334,33.66,0.0,3276.474
1982-01-01,230978800.0,419400.0,14.1,26.22,0.0,3274.302
1982-02-01,231163500.0,361100.0,14.108333333333333,32.59,0.0,3293.5253333333335
1982-03-01,231348200.0,375900.0,14.116666666666667,42.03,0.0,3312.748666666667
1982-04-01,231532900.0,345800.0,14.125,48.63,0.0,3331.972
1982-05-01,231717600.0,355000.0,14.133333333333333,60.8,0.0,3343.422
1982-06-01,231902300.0,372900.0,14.141666666666666,66.33,0.0,3354.8720000000003
1982-07-01,232087000.0,421700.0,14.149999999999999,73.2,0.0,3366.322
1982-08-01,232271700.0,411800.0,14.158333333333333,72.09,0.0,3378.4016666666666
1982-09-01,232456400.0,361800.0,14.166666666666666,64.04,0.0,3390.4813333333336
1982-10-01,232641100.0,346300.0,14.174999999999999,53.26,0.0,3402.561
1982-11-01,232825800.0,347200.0,14.183333333333334,41.13,0.0,3426.1783333333333
1982-12-01,233010500.0,369900.0,14.191666666666666,35.82,0.0,3449.795666666667
1983-01-01,233195200.0,391700.0,14.2,33.12,0.0,3473.413
1983-02-01,233379900.0,345500.0,14.225,36.86,0.0,3508.558
1983-03-01,233564600.0,365500.0,14.25,42.4,0.0,3543.703
1983-04-01,233749300.0,341300.0,14.274999999999999,47.01,0.0,3578.848
1983-05-01,233934000.0,349400.0,14.299999999999999,57.94,0.0,3615.625
1983-06-01,234118700.0,382700.0,14.325,67.1,0.0,3652.402
1983-07-01,234303400.0,440900.0,14.35,73.99,0.0,3689.179
1983-08-01,234488100.0,460400.0,14.375,75.06,0.0,3724.3546666666666
1983-09-01,234672800.0,391600.0,14.4,65.59,0.0,3759.5303333333336
1983-10-01,234857500.0,366300.0,14.425,55.0,0.0,3794.706
1983-11-01,235042200.0,366300.0,14.45,43.03,0.0,3832.4886666666666
1983-12-01,235226900.0,425100.0,14.475,25.47,0.0,3870.2713333333336
1984-01-01,235411600.0,433800.0,14.5,28.83,0.0,3908.054
1984-02-01,235596300.0,379600.0,14.508333333333333,37.38,0.0,3941.9030000000002
1984-03-01,235781000.0,400800.0,14.516666666666666,40.08,0.0,3975.752
1984-04-01,235965700.0,362800.0,14.525,49.6,0.0,4009.601
1984-05-01,236150400.0,385100.0,14.533333333333333,60.08,0.0,4034.484
1984-06-01,236335100.0,419900.0,14.541666666666666,68.61,0.0,4059.367
1984-07-01,236519800.0,443100.0,14.55,73.17,0.0,4084.25
1984-08-01,236704500.0,459100.0,14.558333333333334,73.13,0.0,4105.683666666667
1984-09-01,236889200.0,390800.0,14.566666666666666,63.14,0.0,4127.117333333334
1984-10-01,237073900.0,382300.0,14.575,53.6,0.0,4148.551
1984-11-01,237258600.0,381200.0,14.583333333333332,41.54,0.0,4175.756666666667
1984-12-01,237443300.0,400500.0,14.591666666666667,34.54,0.0,4202.962333333333
1985-01-01,237628000.0,456300.0,14.6,26.31,0.0,4230.168
1985-02-01,237812700.0,397000.0,14.608333333333333,30.87,0.0,4251.741
1985-03-01,237997400.0,390500.0,14.616666666666667,43.48,0.0,4273.313999999999
1985-04-01,238182100.0,370300.0,14.625,54.36,0.0,4294.887
1985-05-01,238366800.0,394200.0,14.633333333333333,62.08,0.0,4325.515666666666
1985-06-01,238551500.0,411400.0,14.641666666666666,68.11,0.0,4356.144333333334
1985-07-01,238736200.0,454000.0,14.649999999999999,74.05,0.0,4386.773
1985-08-01,238920900.0,452600.0,14.658333333333333,71.02,0.0,4405.88
1985-09-01,239105600.0,405400.0,14.666666666666666,62.73,0.0,4424.987
1985-10-01,239290300.0,390000.0,14.674999999999999,54.3,0.0,4444.094
1985-11-01,239475000.0,385300.0,14.683333333333334,39.51,0.0,4465.3606666666665
1985-12-01,239659700.0,439000.0,14.691666666666666,28.81,0.0,4486.627333333334
1986-01-01,239844400.0,435500.0,14.7,34.68,0.0,4507.894
1986-02-01,240029100.0,385200.0,14.733333333333333,35.85,0.0,4520.376
1986-03-01,240213800.0,394200.0,14.766666666666666,46.18,0.0,4532.858
1986-04-01,240398500.0,372700.0,14.799999999999999,52.86,0.0,4545.34
1986-05-01,240583200.0,395300.0,14.833333333333332,61.09,0.0,4566.116333333333
1986-06-01,240767900.0,430700.0,14.866666666666665,70.41,0.0,4586.892666666667
1986-07-01,240952600.0,485900.0,14.899999999999999,73.51,0.0,4607.669
1986-08-01,241137300.0,450800.0,14.933333333333334,71.73,0.0,4624.321666666667
1986-09-01,241322000.0,413800.0,14.966666666666667,63.7,0.0,4640.974333333334
1986-10-01,241506700.0,395900.0,15.0,54.01,0.0,4657.627
1986-11-01,241691400.0,393300.0,15.033333333333333,41.4,0.0,4679.136666666667
1986-12-01,241876100.0,427600.0,15.066666666666666,34.43,0.0,4700.646333333333
1987-01-01,242060800.0,446100.0,15.1,31.44,0.0,4722.156
1987-02-01,242245500.0,388600.0,15.141666666666666,37.38,0.0,4750.157333333334
1987-03-01,242430200.0,404300.0,15.183333333333334,42.57,0.0,4778.158666666666
1987-04-01,242614900.0,379600.0,15.225,53.53,0.0,4806.16
1987-05-01,242799600.0,412800.0,15.266666666666666,62.96,0.0,4832.291666666667
1987-06-01,242984300.0,451800.0,15.308333333333334,70.25,0.0,4858.423333333333
1987-07-01,243169000.0,496400.0,15.35,73.27,0.0,4884.555
1987-08-01,243353700.0,495800.0,15.391666666666666,71.87,0.0,4925.701333333333
1987-09-01,243538400.0,426400.0,15.433333333333334,65.25,0.0,4966.847666666667
1987-10-01,243723100.0,406400.0,15.475,52.95,0.0,5007.994
1987-11-01,243907800.0,401000.0,15.516666666666666,43.97,0.0,5029.786666666667
1987-12-01,244092500.0,441500.0,15.558333333333334,34.54,0.0,5051.579333333333
1988-01-01,244277200.0,476400.0,15.6,27.79,0.0,5073.372
1988-02-01,244461900.0,434400.0,15.625,33.69,0.0,5112.26
1988-03-01,244646600.0,428600.0,15.65,42.4,0.0,5151.148
1988-04-01,244831300.0,392600.0,15.675,51.82,0.0,5190.036
1988-05-01,245016000.0,417400.0,15.7,61.21,0.0,5220.969
1988-06-01,245200700.0,466100.0,15.725,70.88,0.0,5251.902
1988-07-01,245385400.0,515500.0,15.75,74.79,0.0,5282.835
1988-08-01,245570100.0,535900.0,15.775,73.67,0.0,5321.726333333333
1988-09-01,245754800.0,440800.0,15.8,64.6,0.0,5360.617666666667
1988-10-01,245939500.0,421600.0,15.825,53.96,0.0,5399.509
1988-11-01,246124200.0,419600.0,15.85,43.29,0.0,5436.757
1988-12-01,246308900.0,466000.0,15.875,33.46,0.0,5474.005
1989-01-01,246493600.0,493200.0,15.9,34.09,0.0,5511.253
1989-02-01,246678300.0,467300.0,15.941666666666666,29.17,0.0,5544.989666666666
1989-03-01,246863000.0,483600.0,15.983333333333334,42.67,0.0,5578.726333333333
1989-04-01,247047700.0,445400.0,16.025,52.88,0.0,5612.463
1989-05-01,247232400.0,469300.0,16.066666666666666,60.46,0.0,5640.097
1989-06-01,247417100.0,501500.0,16.108333333333334,68.13,0.0,5667.731
1989-07-01,247601800.0,546600.0,16.15,74.23,0.0,5695.365
1989-08-01,247786500.0,550500.0,16.191666666666666,71.31,0.0,5712.655666666667
1989-09-01,247971200.0,485300.0,16.233333333333334,64.08,0.0,5729.946333333333
1989-10-01,248155900.0,471000.0,16.275,54.34,0.0,5747.237
1989-11-01,248340600.0,468200.0,16.316666666666666,42.93,0.0,5789.058333333333
1989-12-01,248525300.0,548600.0,16.35833333333333,27.73,0.0,5830.879666666667
1990-01-01,248710000.0,510100.0,16.4,36.5,0.0,5872.701
1990-02-01,248982600.0,458700.0,16.441666666666666,36.7,0.0,5901.81
1990-03-01,249255200.0,489200.0,16.48333333333333,44.74,0.0,5930.919
1990-04-01,249527800.0,459200.0,16.525,52.52,0.0,5960.028
1990-05-01,249800400.0,483200.0,16.566666666666666,58.86,0.0,5978.390666666667
1990-06-01,250073000.0,537700.0,16.60833333333333,70.23,0.0,5996.753333333333
1990-07-01,250345600.0,574600.0,16.65,73.26,0.0,6015.116
1990-08-01,250618200.0,581000.0,16.691666666666666,72.28,0.0,6011.655
1990-09-01,250890800.0,516400.0,16.73333333333333,67.35,0.0,6008.194
1990-10-01,251163400.0,488400.0,16.775,53.98,0.0,6004.733
1990-11-01,251436000.0,462200.0,16.816666666666666,44.92,0.0,6014.881333333334
1990-12-01,251708600.0,511200.0,16.85833333333333,30.83,0.0,6025.029666666666
1991-01-01,251981200.0,538000.0,16.9,29.48,0.0,6035.178
1991-02-01,252253800.0,456200.0,16.9,39.81,0.0,6065.739333333333
1991-03-01,252526400.0,480700.0,16.9,43.32,0.0,6096.300666666667
1991-04-01,252799000.0,455200.0,16.9,52.54,0.0,6126.862
1991-05-01,253071600.0,509300.0,16.9,61.97,0.0,6153.220333333334
1991-06-01,253344200.0,537800.0,16.9,69.08,0.0,6179.578666666666
1991-07-01,253616800.0,588900.0,16.9,73.89,0.0,6205.937
1991-08-01,253889400.0,583900.0,16.9,72.99,0.0,6225.471333333333
1991-09-01,254162000.0,511700.0,16.9,64.9,0.0,6245.005666666667
1991-10-01,254434600.0,490400.0,16.9,54.75,0.0,6264.54
1991-11-01,254707200.0,482900.0,16.9,39.43,0.0,6297.394
1991-12-01,254979800.0,507800.0,16.9,35.74,0.0,6330.248
1992-01-01,255252400.0,535200.0,16.9,33.62,0.0,6363.102
1992-02-01,255525000.0,478700.0,16.883333333333333,39.7,0.0,6398.989
1992-03-01,255797600.0,495200.0,16.866666666666667,44.71,0.0,6434.876
1992-04-01,256070200.0,466500.0,16.849999999999998,52.54,0.0,6470.763
1992-05-01,256342800.0,484500.0,16.833333333333332,61.16,0.0,6502.722333333333
1992-06-01,256615400.0,521800.0,16.816666666666666,67.44,0.0,6534.681666666666
1992-07-01,256888000.0,586900.0,16.799999999999997,71.22,0.0,6566.641
1992-08-01,257160600.0,563500.0,16.78333333333333,69.84,0.0,6604.695
1992-09-01,257433200.0,519500.0,16.766666666666666,64.67,0.0,6642.749
1992-10-01,257705800.0,489700.0,16.75,54.54,0.0,6680.803
1992-11-01,257978400.0,488000.0,16.733333333333334,40.06,0.0,6697.0216666666665
1992-12-01,258251000.0,534400.0,16.716666666666665,31.75,0.0,6713.240333333333
1993-01-01,258523600.0,541700.0,16.7,30.47,0.0,6729.459
1993-02-01,258796200.0,495800.0,16.7,31.14,0.0,6755.952333333334
1993-03-01,259068800.0,522200.0,16.7,41.79,0.0,6782.4456666666665
1993-04-01,259341400.0,469100.0,16.7,49.91,0.0,6808.939
1993-05-01,259614000.0,488400.0,16.7,60.89,0.0,6833.325333333333
1993-06-01,259886600.0,550400.0,16.7,67.21,0.0,6857.711666666667
1993-07-01,260159200.0,624200.0,16.7,72.16,0.0,6882.098
1993-08-01,260431800.0,622600.0,16.7,71.89,0.0,6925.978
1993-09-01,260704400.0,527800.0,16.7,63.3,0.0,6969.858
1993-10-01,260977000.0,500800.0,16.7,52.97,0.0,7013.738
1993-11-01,261249600.0,503900.0,16.7,39.22,0.0,7047.709333333333
1993-12-01,261522200.0,544000.0,16.7,34.2,0.0,7081.680666666667
1994-01-01,261794800.0,579200.0,16.7,29.34,0.0,7115.652
1994-02-01,262067400.0,498100.0,16.708333333333332,31.87,0.0,7159.411666666667
1994-03-01,262340000.0,515700.0,16.716666666666665,44.51,0.0,7203.171333333333
1994-04-01,262612600.0,481000.0,16.725,52.66,0.0,7246.931
1994-05-01,262885200.0,505200.0,16.733333333333334,60.67,0.0,7274.978999999999
1994-06-01,263157800.0,588000.0,16.741666666666667,70.95,0.0,7303.027
1994-07-01,263430400.0,622200.0,16.75,73.62,0.0,7331.075
1994-08-01,263703000.0,614900.0,16.758333333333333,72.21,0.0,7372.479333333333
1994-09-01,263975600.0,532200.0,16.766666666666666,65.55,0.0,7413.883666666667
1994-10-01,264248200.0,512700.0,16.775,54.21,0.0,7455.288
1994-11-01,264520800.0,503400.0,16.783333333333335,42.57,0.0,7477.621666666666
1994-12-01,264793400.0,538700.0,16.791666666666668,36.23,0.0,7499.955333333333
1995-01-01,265066000.0,559200.0,16.8,33.08,0.0,7522.289
1995-02-01,265338600.0,504300.0,16.808333333333334,37.36,0.0,7541.858333333334
1995-03-01,265611200.0,522300.0,16.816666666666666,43.34,0.0,7561.4276666666665
1995-04-01,265883800.0,489100.0,16.825,49.41,0.0,7580.997
1995-05-01,266156400.0,528200.0,16.833333333333332,58.64,0.0,7615.039666666667
1995-06-01,266429000.0,572200.0,16.841666666666665,67.55,0.0,7649.082333333334
1995-07-01,266701600.0,660500.0,16.85,73.54,0.0,7683.125
1995-08-01,266974200.0,691200.0,16.858333333333334,74.32,0.0,7712.945333333333
1995-09-01,267246800.0,554800.0,16.866666666666667,64.69,0.0,7742.765666666667
1995-10-01,267519400.0,527600.0,16.875,54.45,0.0,7772.586
1995-11-01,267792000.0,522600.0,16.883333333333333,42.04,0.0,7804.546666666667
1995-12-01,268064600.0,570800.0,16.891666666666666,33.42,0.0,7836.507333333333
1996-01-01,268337200.0,593500.0,16.9,29.7,0.0,7868.468
1996-02-01,268609800.0,541100.0,16.90833333333333,35.69,0.0,7923.258666666667
1996-03-01,268882400.0,549700.0,16.916666666666664,39.02,0.0,7978.049333333333
1996-04-01,269155000.0,502900.0,16.924999999999997,50.65,0.0,8032.84
1996-05-01,269427600.0,564200.0,16.933333333333334,60.98,0.0,8065.696
1996-06-01,269700200.0,605100.0,16.941666666666666,69.87,0.0,8098.552000000001
1996-07-01,269972800.0,655100.0,16.95,73.63,0.0,8131.408
1996-08-01,270245400.0,658300.0,16.958333333333332,72.43,0.0,8174.195666666667
1996-09-01,270518000.0,566000.0,16.966666666666665,63.46,0.0,8216.983333333334
1996-10-01,270790600.0,542600.0,16.975,53.65,0.0,8259.771
1996-11-01,271063200.0,538000.0,16.983333333333334,39.63,0.0,8294.065666666667
1996-12-01,271335800.0,568200.0,16.991666666666667,33.91,0.0,8328.360333333334
1997-01-01,271608400.0,600800.0,17.0,29.95,0.0,8362.655
1997-02-01,271881000.0,516000.0,16.991666666666667,36.05,0.0,8414.711666666668
1997-03-01,272153600.0,544200.0,16.983333333333334,44.67,0.0,8466.768333333333
1997-04-01,272426200.0,516300.0,16.975,47.91,0.0,8518.825
1997-05-01,272698800.0,545500.0,16.966666666666665,59.4,0.0,8566.824333333334
1997-06-01,272971400.0,597900.0,16.958333333333332,68.31,0.0,8614.823666666667
1997-07-01,273244000.0,688700.0,16.95,73.18,0.0,8662.823
1997-08-01,273516600.0,665500.0,16.941666666666666,71.74,0.0,8697.184333333333
1997-09-01,273789200.0,601800.0,16.933333333333334,66.42,0.0,8731.545666666667
1997-10-01,274061800.0,569600.0,16.924999999999997,53.92,0.0,8765.907
1997-11-01,274334400.0,541900.0,16.916666666666664,40.87,0.0,8799.431333333332
1997-12-01,274607000.0,592400.0,16.90833333333333,34.0,0.0,8832.955666666667
1998-01-01,274879600.0,590200.0,16.9,34.99,0.0,8866.48
1998-02-01,275152200.0,520900.0,16.883333333333333,38.71,0.0,8900.886333333334
1998-03-01,275424800.0,573500.0,16.866666666666667,41.34,0.0,8935.292666666666
1998-04-01,275697400.0,522200.0,16.849999999999998,51.06,0.0,8969.699
1998-05-01,275970000.0,599000.0,16.833333333333332,62.47,0.0,9020.165
1998-06-01,276242600.0,657500.0,16.816666666666666,68.13,0.0,9070.631
1998-07-01,276515200.0,723600.0,16.799999999999997,75.49,0.0,9121.097
1998-08-01,276787800.0,714400.0,16.78333333333333,74.03,0.0,9178.728333333333
1998-09-01,277060400.0,637600.0,16.766666666666666,68.99,0.0,9236.359666666667
1998-10-01,277333000.0,568600.0,16.75,55.13,0.0,9293.991
1998-11-01,277605600.0,534000.0,16.733333333333334,44.91,0.0,9333.221333333333
1998-12-01,277878200.0,595700.0,16.716666666666665,35.55,0.0,9372.451666666668
1999-01-01,278150800.0,631300.0,16.7,33.78,0.0,9411.682
1999-02-01,278423400.0,549300.0,16.716666666666665,39.49,0.0,9449.858
1999-03-01,278696000.0,595900.0,16.733333333333334,42.8,0.0,9488.034
1999-04-01,278968600.0,561100.0,16.75,51.55,0.0,9526.21
1999-05-01,279241200.0,599900.0,16.766666666666666,60.06,0.0,9579.681999999999
1999-06-01,279513800.0,657500.0,16.78333333333333,68.31,0.0,9633.154
1999-07-01,279786400.0,752700.0,16.799999999999997,74.3,0.0,9686.626
1999-08-01,280059000.0,727700.0,16.816666666666666,72.91,0.0,9757.807
1999-09-01,280331600.0,610700.0,16.833333333333332,64.35,0.0,9828.988
1999-10-01,280604200.0,567500.0,16.849999999999998,54.75,0.0,9900.169
1999-11-01,280876800.0,541900.0,16.866666666666667,48.11,0.0,9934.172333333334
1999-12-01,281149400.0,590000.0,16.883333333333333,36.1,0.0,9968.175666666666
2000-01-01,281422000.0,655600.0,16.9,33.57,9350.0,10002.179
2000-02-01,281649700.0,588000.0,16.916666666666664,39.78,10261.0,10084.026
2000-03-01,281877400.0,602800.0,16.933333333333334,46.04,11172.0,10165.873
2000-04-01,282105100.0,570800.0,16.95,52.59,12083.0,10247.72
2000-05-01,282332800.0,645500.0,16.966666666666665,63.14,12994.0,10271.201666666666
2000-06-01,282560500.0,677700.0,16.983333333333334,69.03,13905.0,10294.683333333334
2000-07-01,282788200.0,712600.0,17.0,73.87,14816.0,10318.165
2000-08-01,283015900.0,736900.0,17.016666666666666,74.05,15727.0,10357.358
2000-09-01,283243600.0,624500.0,17.033333333333335,65.57,16638.0,10396.551000000001
2000-10-01,283471300.0,578500.0,17.05,55.09,17549.0,10435.744
2000-11-01,283699000.0,568900.0,17.066666666666666,38.03,18460.0,10447.239666666666
2000-12-01,283926700.0,637600.0,17.083333333333336,28.44,19371.0,10458.735333333334
2001-01-01,284154400.0,664000.0,17.1,31.35,20282.0,10470.231
2001-02-01,284382100.0,565000.0,17.083333333333336,33.98,21595.333333333332,10513.154
2001-03-01,284609800.0,600500.0,17.066666666666666,41.49,22908.666666666668,10556.077
2001-04-01,284837500.0,555200.0,17.05,53.08,24222.0,10599.0
2001-05-01,285065200.0,600000.0,17.033333333333335,62.82,25535.333333333332,10598.673333333334
2001-06-01,285292900.0,654400.0,17.016666666666666,69.24,26848.666666666664,10598.346666666666
2001-07-01,285520600.0,714200.0,17.0,74.48,28162.0,10598.02
2001-08-01,285748300.0,740000.0,16.983333333333334,74.3,29475.333333333332,10618.835000000001
2001-09-01,285976000.0,612900.0,16.966666666666665,65.7,30788.666666666664,10639.65
2001-10-01,286203700.0,588400.0,16.95,54.37,32102.0,10660.465
2001-11-01,286431400.0,556800.0,16.933333333333334,47.41,33415.33333333333,10701.476666666667
2001-12-01,286659100.0,609900.0,16.916666666666664,36.12,34728.666666666664,10742.488333333333
2002-01-01,286886800.0,638900.0,16.9,34.48,36042.0,10783.5
2002-02-01,287114500.0,562700.0,16.90833333333333,36.39,37002.333333333336,10818.153333333334
2002-03-01,287342200.0,604100.0,16.916666666666664,39.54,37962.666666666664,10852.806666666665
2002-04-01,287569900.0,578700.0,16.924999999999997,53.49,38923.0,10887.46
2002-05-01,287797600.0,614300.0,16.933333333333334,59.29,39883.333333333336,10919.653333333334
2002-06-01,288025300.0,680900.0,16.941666666666666,70.86,40843.666666666664,10951.846666666666
2002-07-01,288253000.0,761600.0,16.95,75.85,41804.0,10984.04
2002-08-01,288480700.0,747800.0,16.958333333333332,72.86,42764.333333333336,11009.837666666668
2002-09-01,288708400.0,661300.0,16.966666666666665,66.85,43724.666666666664,11035.635333333334
2002-10-01,288936100.0,612900.0,16.975,51.84,44685.0,11061.433
2002-11-01,289163800.0,591500.0,16.983333333333334,41.97,45645.333333333336,11098.998333333335
2002-12-01,289391500.0,648700.0,16.991666666666667,35.08,46605.66666666667,11136.563666666667
2003-01-01,289619200.0,682900.0,17.0,32.81,47566.0,11174.129
2003-02-01,289846900.0,597600.0,17.008333333333333,32.79,50621.583333333336,11220.341333333334
2003-03-01,290074600.0,607600.0,17.016666666666666,43.3,53677.166666666664,11266.553666666667
2003-04-01,290302300.0,570500.0,17.025,51.89,56732.75,11312.766
2003-05-01,290530000.0,614000.0,17.033333333333335,60.98,59788.333333333336,11397.400333333333
2003-06-01,290757700.0,656300.0,17.041666666666668,68.05,62843.91666666667,11482.034666666666
2003-07-01,290985400.0,747400.0,17.05,75.47,65899.5,11566.669
2003-08-01,291213100.0,762100.0,17.058333333333334,74.66,68955.08333333334,11635.190666666667
2003-09-01,291440800.0,644900.0,17.066666666666666,64.96,72010.66666666667,11703.712333333333
2003-10-01,291668500.0,612200.0,17.075000000000003,56.55,75066.25,11772.234
2003-11-01,291896200.0,594500.0,17.083333333333336,42.35,78121.83333333334,11822.638333333334
2003-12-01,292123900.0,662200.0,17.09166666666667,35.29,81177.41666666667,11873.042666666666
2004-01-01,292351600.0,692000.0,17.1,30.34,84233.0,11923.447
2004-02-01,292579300.0,627500.0,17.1,33.57,94369.91666666667,11986.569666666666
2004-03-01,292807000.0,616500.0,17.1,47.41,104506.83333333333,12049.692333333334
2004-04-01,293034700.0,580000.0,17.1,52.68,114643.75,12112.815
2004-05-01,293262400.0,653500.0,17.1,61.92,124780.66666666666,12176.979000000001
2004-06-01,293490100.0,689000.0,17.1,68.09,134917.5833333333,12241.143
2004-07-01,293717800.0,753400.0,17.1,72.9,145054.5,12305.307
2004-08-01,293945500.0,735700.0,17.1,70.16,155191.41666666666,12379.276
2004-09-01,294173200.0,670100.0,17.1,65.66,165328.3333333333,12453.245
2004-10-01,294400900.0,623800.0,17.1,55.36,175465.25,12527.214
2004-11-01,294628600.0,603000.0,17.1,43.99,185602.16666666666,12607.238
2004-12-01,294856300.0,682500.0,17.1,35.06,195739.0833333333,12687.262
2005-01-01,295084000.0,685200.0,17.1,33.39,205876.0,12767.286
2005-02-01,295311700.0,596100.0,17.108333333333334,37.94,209708.33333333334,12819.076000000001
2005-03-01,295539400.0,633900.0,17.116666666666667,42.31,213540.66666666666,12870.866
2005-04-01,295767100.0,578100.0,17.125,52.27,217373.0,12922.656
2005-05-01,295994800.0,629100.0,17.133333333333333,59.56,221205.33333333334,12995.984666666667
2005-06-01,296222500.0,726300.0,17.141666666666666,69.21,225037.66666666666,13069.313333333334
2005-07-01,296450200.0,803300.0,17.15,75.31,228870.0,13142.642
2005-08-01,296677900.0,808600.0,17.158333333333335,73.2,232702.33333333334,13203.162666666667
2005-09-01,296905600.0,699400.0,17.166666666666668,67.37,236534.66666666666,13263.683333333332
2005-10-01,297133300.0,631800.0,17.175,55.38,240367.0,13324.204
2005-11-01,297361000.0,611200.0,17.183333333333334,45.01,244199.33333333334,13415.856
2005-12-01,297588700.0,695100.0,17.191666666666666,32.7,248031.6666666667,13507.508
2006-01-01,297816400.0,656200.0,17.2,38.93,251864.0,13599.16
2006-02-01,298044100.0,613700.0,17.2,34.83,260131.25,13650.581333333334
2006-03-01,298271800.0,636300.0,17.2,42.62,268398.5,13702.002666666667
2006-04-01,298499500.0,594600.0,17.2,55.26,276665.75,13753.424
2006-05-01,298727200.0,660100.0,17.2,62.28,284933.0,13792.345333333335
2006-06-01,298954900.0,727500.0,17.2,70.75,293200.25,13831.266666666666
2006-07-01,299182600.0,819700.0,17.2,76.41,301467.5,13870.188
2006-08-01,299410300.0,814400.0,17.2,73.4,309734.75,13926.645333333334
2006-09-01,299638000.0,663100.0,17.2,63.3,318002.0,13983.102666666666
2006-10-01,299865700.0,642000.0,17.2,52.59,326269.25,14039.56
2006-11-01,300093400.0,617300.0,17.2,44.08,334536.5,14098.257
2006-12-01,300321100.0,671500.0,17.2,36.57,342803.75,14156.954
2007-01-01,300548800.0,706000.0,17.2,31.35,351071.0,14215.651
2007-02-01,300776500.0,645500.0,17.216666666666665,32.41,348128.6666666667,14277.794666666667
2007-03-01,301004200.0,639900.0,17.233333333333334,47.66,345186.3333333333,14339.938333333334
2007-04-01,301231900.0,605300.0,17.25,50.54,342244.0,14402.082
2007-05-01,301459600.0,659400.0,17.266666666666666,62.33,339301.6666666667,14456.093666666668
2007-06-01,301687300.0,724500.0,17.28333333333333,69.87,336359.3333333333,14510.105333333333
2007-07-01,301915000.0,785400.0,17.299999999999997,74.7,333417.0,14564.117
2007-08-01,302142700.0,842500.0,17.316666666666666,74.64,330474.6666666667,14614.430666666667
2007-09-01,302370400.0,709800.0,17.333333333333332,66.43,327532.3333333333,14664.744333333334
2007-10-01,302598100.0,664200.0,17.349999999999998,56.68,324590.0,14715.058
2007-11-01,302825800.0,627200.0,17.366666666666667,44.01,321647.6666666667,14712.218
2007-12-01,303053500.0,691500.0,17.383333333333333,33.22,318705.3333333333,14709.378
2008-01-01,303281200.0,725000.0,17.4,30.27,315763.0,14706.538
2008-02-01,303508900.0,649300.0,17.416666666666664,34.7,313638.8333333333,14759.592333333334
2008-03-01,303736600.0,648300.0,17.433333333333334,41.86,311514.6666666667,14812.646666666666
2008-04-01,303964300.0,610700.0,17.45,50.4,309390.5,14865.701
2008-05-01,304192000.0,649400.0,17.466666666666665,59.36,307266.3333333333,14876.800333333333
2008-06-01,304419700.0,745100.0,17.483333333333334,69.6,305142.1666666667,14887.899666666666
2008-07-01,304647400.0,804700.0,17.5,74.08,303018.0,14898.999
2008-08-01,304875100.0,776900.0,17.516666666666666,72.28,300893.8333333333,14802.068666666666
2008-09-01,305102800.0,675200.0,17.533333333333335,65.21,298769.6666666667,14705.138333333334
2008-10-01,305330500.0,636200.0,17.55,53.98,296645.5,14608.208
2008-11-01,305558200.0,619200.0,17.566666666666666,43.92,294521.3333333333,14549.105666666666
2008-12-01,305785900.0,686900.0,17.583333333333336,31.87,292397.1666666667,14490.003333333334
2009-01-01,306013600.0,709000.0,17.6,31.05,290273.0,14430.901
2009-02-01,306241300.0,600900.0,17.583333333333336,36.77,288998.0833333333,14414.346
2009-03-01,306469000.0,620200.0,17.566666666666666,42.87,287723.1666666667,14397.791000000001
2009-04-01,306696700.0,578100.0,17.55,50.92,286448.25,14381.236
2009-05-01,306924400.0,621600.0,17.533333333333335,61.65,285173.3333333333,14403.784666666666
2009-06-01,307152100.0,694300.0,17.516666666666666,68.54,283898.4166666667,14426.333333333334
2009-07-01,307379800.0,744000.0,17.5,72.63,282623.5,14448.882
2009-08-01,307607500.0,761400.0,17.483333333333334,71.89,281348.5833333333,14516.337333333333
2009-09-01,307835200.0,653800.0,17.466666666666665,66.38,280073.6666666667,14583.792666666666
2009-10-01,308062900.0,613100.0,17.45,50.5,278798.75,14651.248
2009-11-01,308290600.0,592300.0,17.433333333333334,45.84,277523.8333333333,14689.035666666667
2009-12-01,308518300.0,700000.0,17.416666666666664,29.64,276248.9166666667,14726.823333333334
2010-01-01,308746000.0,720900.0,17.4,30.67,274974.0,14764.611
2010-02-01,308935191.6666667,638600.0,17.40833333333333,31.8,275935.5,14836.471666666666
2010-03-01,309124383.3333333,623300.0,17.416666666666664,43.57,276897.0,14908.332333333334
2010-04-01,309313575.0,574600.0,17.424999999999997,53.24,277858.5,14980.193
2010-05-01,309502766.6666667,654800.0,17.433333333333334,59.88,278820.0,15033.997
2010-06-01,309691958.3333333,750400.0,17.441666666666666,70.48,279781.5,15087.801
2010-07-01,309881150.0,818300.0,17.45,74.71,280743.0,15141.605
2010-08-01,310070341.6666667,816600.0,17.458333333333332,74.05,281704.5,15197.560333333333
2010-09-01,310259533.3333333,691000.0,17.466666666666665,66.49,282666.0,15253.515666666666
2010-10-01,310448725.0,614800.0,17.475,56.14,283627.5,15309.471
2010-11-01,310637916.6666667,610900.0,17.483333333333334,42.31,284589.0,15323.462
2010-12-01,310827108.3333333,723100.0,17.491666666666667,32.47,285550.5,15337.453
2011-01-01,311016300.0,724700.0,17.5,29.71,286512.0,15351.444
2011-02-01,311205491.6666667,625200.0,17.508333333333333,33.04,303287.5833333333,15420.141
2011-03-01,311394683.3333333,636200.0,17.516666666666666,43.07,320063.1666666667,15488.838
2011-04-01,311583875.0,603700.0,17.525,51.96,336838.75,15557.535
2011-05-01,311773066.6666667,646000.0,17.533333333333335,59.13,353614.3333333333,15587.583666666667
2011-06-01,311962258.3333333,734200.0,17.541666666666668,69.82,370389.9166666666,15617.632333333333
2011-07-01,312151450.0,836100.0,17.55,76.14,387165.5,15647.681
2011-08-01,312340641.6666667,811800.0,17.558333333333334,75.0,403941.0833333333,15712.543
2011-09-01,312529833.3333333,674700.0,17.566666666666666,66.09,420716.6666666666,15777.405
2011-10-01,312719025.0,616200.0,17.575000000000003,55.09,437492.25,15842.267
2011-11-01,312908216.6666667,607000.0,17.583333333333336,43.75,454267.8333333333,15917.786
2011-12-01,313097408.3333333,670200.0,17.59166666666667,35.4,471043.4166666666,15993.305
2012-01-01,313286600.0,677900.0,17.6,36.12,487819.0,16068.824
2012-02-01,313475791.6666667,617700.0,17.6,37.51,496553.8333333333,16114.926
2012-03-01,313664983.3333333,617000.0,17.6,50.41,505288.6666666667,16161.028
2012-04-01,313854175.0,589400.0,17.6,54.68,514023.5,16207.13
2012-05-01,314043366.6666667,671800.0,17.6,63.45,522758.3333333333,16244.6
2012-06-01,314232558.3333333,720500.0,17.6,70.54,531493.1666666666,16282.07
2012-07-01,314421750.0,828100.0,17.6,76.77,540228.0,16319.54
2012-08-01,314610941.6666667,790200.0,17.6,73.8,548962.8333333334,16353.155333333334
2012-09-01,314800133.3333333,668000.0,17.6,66.31,557697.6666666666,16386.770666666667
2012-10-01,314989325.0,622200.0,17.6,53.89,566432.5,16420.386
2012-11-01,315178516.6666667,610800.0,17.6,44.01,575167.3333333334,16489.940666666665
2012-12-01,315367708.3333333,668100.0,17.6,35.92,583902.1666666666,16559.495333333332
2013-01-01,315556900.0,696800.0,17.6,32.25,592637.0,16629.05
2013-02-01,315746091.6666667,618400.0,17.59166666666667,34.77,590838.4166666666,16652.550333333333
2013-03-01,315935283.3333333,649700.0,17.583333333333336,40.91,589039.8333333334,16676.050666666666
2013-04-01,316124475.0,597600.0,17.575000000000003,49.68,587241.25,16699.551
2013-05-01,316313666.6666667,643200.0,17.566666666666666,60.85,585442.6666666666,16770.056666666667
2013-06-01,316502858.3333333,712500.0,17.558333333333334,70.39,583644.0833333334,16840.56233333333
2013-07-01,316692050.0,788500.0,17.55,74.21,581845.5,16911.068
2013-08-01,316881241.6666667,769400.0,17.541666666666668,72.99,580046.9166666666,16985.083333333332
2013-09-01,317070433.3333333,680700.0,17.533333333333335,66.96,578248.3333333334,17059.09866666667
2013-10-01,317259625.0,628700.0,17.525,53.44,576449.75,17133.114
2013-11-01,317448816.6666667,627900.0,17.516666666666666,41.61,574651.1666666666,17136.836333333333
2013-12-01,317638008.3333333,704900.0,17.508333333333333,31.06,572852.5833333334,17140.558666666668
2014-01-01,317827200.0,753400.0,17.5,30.56,571054.0,17144.281
2014-02-01,318016391.6666667,647800.0,17.53333333333333,32.13,565001.4166666666,17250.421666666665
2014-03-01,318205583.3333333,662600.0,17.566666666666666,40.51,558948.8333333334,17356.562333333335
2014-04-01,318394775.0,594200.0,17.6,51.69,552896.25,17462.703
2014-05-01,318583966.6666667,648300.0,17.633333333333333,61.27,546843.6666666666,17556.211
2014-06-01,318773158.3333333,714600.0,17.666666666666664,69.58,540791.0833333334,17649.719
2014-07-01,318962350.0,770400.0,17.7,73.29,534738.5,17743.227
2014-08-01,319151541.6666667,767400.0,17.733333333333334,72.25,528685.9166666666,17779.664666666667
2014-09-01,319340733.3333333,678600.0,17.766666666666666,66.2,522633.3333333333,17816.102333333332
2014-10-01,319529925.0,627900.0,17.799999999999997,56.93,516580.75,17852.54
2014-11-01,319719116.6666667,633800.0,17.833333333333332,39.25,510528.1666666667,17898.809333333335
2014-12-01,319908308.3333333,674700.0,17.866666666666667,36.81,504475.5833333334,17945.078666666668
2015-01-01,320097500.0,719800.0,17.9,33.08,498423.0,17991.348
2015-02-01,320286691.6666667,668200.0,17.9,32.99,499101.5,18058.801
2015-03-01,320475883.3333333,647600.0,17.9,45.39,499780.0,18126.254
2015-04-01,320665075.0,587300.0,17.9,53.24,500458.5,18193.707
2015-05-01,320854266.6666667,643200.0,17.9,60.84,501137.0,18231.458
2015-06-01,321043458.3333333,723800.0,17.9,71.37,501815.5,18269.209
2015-07-01,321232650.0,799800.0,17.9,73.92,502494.0,18306.96
2015-08-01,321421841.6666667,783200.0,17.9,72.95,503172.5,18315.333
2015-09-01,321611033.3333333,699200.0,17.9,68.54,503851.0,18323.706000000002
2015-10-01,321800225.0,623200.0,17.9,57.24,504529.5,18332.079
2015-11-01,321989416.6666667,600400.0,17.9,44.6,505208.0,18363.15466666667
2015-12-01,322178608.3333333,647900.0,17.9,38.66,505886.5,18394.230333333333
2016-01-01,322367800.0,704300.0,17.9,32.22,506565.0,18425.306
2016-02-01,322556991.6666667,626600.0,17.916666666666664,39.47,510896.5,18487.409666666666
2016-03-01,322746183.3333333,607800.0,17.933333333333334,47.5,515228.0,18549.513333333332
2016-04-01,322935375.0,584900.0,17.95,53.19,519559.5,18611.617
2016-05-01,323124566.6666667,632500.0,17.966666666666665,60.33,523891.0,18666.231
2016-06-01,323313758.3333333,734600.0,17.983333333333334,71.76,528222.5,18720.844999999998
2016-07-01,323502950.0,822900.0,18.0,75.22,532554.0,18775.459
2016-08-01,323692141.6666667,818500.0,18.016666666666666,73.53,536885.5,18839.653
2016-09-01,323881333.3333333,702000.0,18.033333333333335,67.12,541217.0,18903.847
2016-10-01,324070525.0,624800.0,18.05,57.72,545548.5,18968.041
2016-11-01,324259716.6666667,593000.0,18.066666666666666,47.97,549880.0,19028.092
2016-12-01,324448908.3333333,689600.0,18.083333333333336,32.95,554211.5,19088.143
2017-01-01,324638100.0,687700.0,18.1,33.57,558543.0,19148.194
2017-02-01,324827291.6666667,581200.0,18.108333333333334,41.18,567750.0833333334,19200.298
2017-03-01,325016483.3333333,637900.0,18.116666666666667,46.15,576957.1666666666,19252.402000000002
2017-04-01,325205675.0,589900.0,18.125,53.8,586164.25,19304.506
2017-05-01,325394866.6666667,645900.0,18.133333333333333,60.57,595371.3333333334,19390.302666666666
2017-06-01,325584058.3333333,716200.0,18.141666666666666,70.36,604578.4166666666,19476.099333333335
2017-07-01,325773250.0,807900.0,18.15,75.7,613785.5,19561.896
2017-08-01,325962441.6666667,768500.0,18.158333333333335,72.01,622992.5833333334,19672.847333333335
2017-09-01,326151633.3333333,671000.0,18.166666666666668,66.27,632199.6666666666,19783.798666666666
2017-10-01,326340825.0,636400.0,18.175,55.69,641406.75,19894.75
2017-11-01,326530016.6666667,615300.0,18.183333333333334,45.03,650613.8333333334,19981.662
2017-12-01,326719208.3333333,700000.0,18.191666666666666,34.29,659820.9166666666,20068.574
2018-01-01,326908400.0,745600.0,18.2,32.16,669028.0,20155.486
2018-02-01,327097591.6666667,613100.0,18.191666666666666,35.51,673197.0833333334,20260.389666666666
2018-03-01,327286783.3333333,642400.0,18.183333333333334,42.73,677366.1666666666,20365.293333333335
2018-04-01,327475975.0,601100.0,18.175,49.03,681535.25,20470.197
2018-05-01,327665166.6666667,677400.0,18.166666666666668,65.52,685704.3333333334,20542.557333333334
2018-06-01,327854358.3333333,743200.0,18.158333333333335,71.55,689873.4166666666,20614.917666666664
2018-07-01,328043550.0,822100.0,18.15,75.45,694042.5,20687.278
2018-08-01,328232741.6666667,815600.0,18.141666666666666,73.51,698211.5833333334,20731.274999999998
2018-09-01,328421933.3333333,712100.0,18.133333333333333,67.53,702380.6666666666,20775.272
2018-10-01,328611125.0,649100.0,18.125,53.71,706549.75,20819.269
2018-11-01,328800316.6666667,643900.0,18.116666666666667,40.01,710718.8333333334,20883.874333333333
2018-12-01,328989508.3333333,683400.0,18.108333333333334,35.51,714887.9166666666,20948.479666666666
2019-01-01,329178700.0,718300.0,18.1,32.56,719057.0,21013.085
2019-02-01,329367891.6666667,629600.0,18.108333333333334,31.84,722690.25,21099.539333333334
2019-03-01,329557083.3333333,652700.0,18.116666666666667,40.28,726323.5,21185.993666666665
2019-04-01,329746275.0,592900.0,18.125,52.84,729956.75,21272.448
2019-05-01,329935466.6666667,660200.0,18.133333333333333,59.49,733590.0,21358.911666666667
2019-06-01,330124658.3333333,705400.0,18.141666666666666,68.72,737223.25,21445.375333333333
2019-07-01,330313850.0,819600.0,18.15,74.62,740856.5,21531.839
2019-08-01,330503041.6666667,802300.0,18.158333333333335,73.74,744489.75,21590.07
2019-09-01,330692233.3333333,720400.0,18.166666666666668,68.43,748123.0,21648.301
2019-10-01,330881425.0,639900.0,18.175,52.05,751756.25,21706.532
2019-11-01,331070616.6666667,630700.0,18.183333333333334,41.11,755389.5,21650.36533333333
2019-12-01,331259808.3333333,675900.0,18.191666666666666,36.43,759022.75,21594.198666666667
2020-01-01,331449000.0,682900.0,18.2,35.55,762656.0,21538.032
2020-02-01,331449000.0,638400.0,18.2,36.18,818424.25,20904.265
2020-03-01,331449000.0,618600.0,18.2,46.08,874192.5,20270.498
2020-04-01,331449000.0,558600.0,18.2,50.88,929960.75,19636.731
2020-05-01,331449000.0,608600.0,18.2,60.91,985729.0,20211.963333333333
2020-06-01,331449000.0,702900.0,18.2,70.29,1041497.25,20787.195666666667
2020-07-01,331449000.0,818600.0,18.2,75.65,1097265.5,21362.428
2020-08-01,331449000.0,796000.0,18.2,74.71,1153033.75,21476.520666666667
2020-09-01,331449000.0,666000.0,18.2,65.91,1208802.0,21590.61333333333
2020-10-01,331449000.0,626300.0,18.2,54.28,1264570.25,21704.706
2020-11-01,331449000.0,601700.0,18.2,46.31,1320338.5,21907.753999999997
2020-12-01,331449000.0,687900.0,18.2,35.71,1376106.75,22110.802
2021-01-01,331449000.0,700500.0,18.2,34.59,1431875.0,22313.85
2021-02-01,331449000.0,651500.0,18.2,30.6,1431875.0,22558.211333333333
2021-03-01,331449000.0,623500.0,18.2,45.52,1431875.0,22802.572666666667
2021-04-01,331449000.0,584000.0,18.2,51.85,1431875.0,23046.934
2021-05-01,331449000.0,636700.0,18.2,60.35,1431875.0,23214.762666666666
2021-06-01,331449000.0,746500.0,18.2,72.59,1431875.0,23382.591333333334
2021-07-01,331449000.0,808500.0,18.2,75.42,1431875.0,23550.42
2021-08-01,331449000.0,825700.0,18.2,73.98,1431875.0,23816.653666666665
2021-09-01,331449000.0,695400.0,18.2,67.8,1431875.0,24082.887333333332
2021-10-01,331449000.0,638300.0,18.2,56.97,1431875.0,24349.121
2021-11-01,331449000.0,630000.0,18.2,45.07,1431875.0,24479.574
2021-12-01,331449000.0,678300.0,18.2,39.34,1431875.0,24610.027
2022-01-01,331449000.0,756900.0,18.2,31.17,1431875.0,24740.48
2022-02-01,331449000.0,654600.0,18.2,33.67,1431875.0,24909.811999999998
2022-03-01,331449000.0,650900.0,18.2,44.06,1431875.0,25079.144
2022-04-01,331449000.0,607800.0,18.2,50.63,1431875.0,25248.476
2022-05-01,331449000.0,686100.0,18.2,61.88,1431875.0,25386.747
2022-06-01,331449000.0,758400.0,18.2,70.79,1431875.0,25525.018
2022-07-01,331449000.0,848400.0,18.2,76.41,1431875.0,25663.289
2022-08-01,331449000.0,848400.0,18.2,74.59,1431875.0,25663.289
2022-09-01,331449000.0,848400.0,18.2,68.04,1431875.0,25663.289
2022-10-01,331449000.0,848400.0,18.2,55.31,1431875.0,25663.289
2022-11-01,331449000.0,848400.0,18.2,55.31,1431875.0,25663.289
2022-12-01,331449000.0,848400.0,18.2,55.31,1431875.0,25663.289
